path	id	record_sha256	nodes	edges	readiness_score	review_file	review_status
data/isolates/Aspergillus_Indium_LED_Recovery.yaml	CommunityMech:000320	c9ebc23ad2748751ae6a42fbc2340c5f7524a7aa38185bcad4602b7e56734d9d	5	4	100.0	reports/causal_graph_review/decisions/20261005-six-records-batch3.yaml	reviewed
data/isolates/BioModels_MODEL2204300002_Kefir_Rothia_Model.yaml	CommunityMech:000321	b73ac6cd532c8fb20c7d1fa70979b2a220238069f0ce78c7b6c9d66af2524ab8	1	0	65.0	reports/causal_graph_review/decisions/20261005-six-records-batch3.yaml	reviewed
data/isolates/Chromobacterium_Gold_Biocyanidation.yaml	CommunityMech:000273	6f859fe8ba028743e55e8b77565c2ee747df5b436e7d3741728af6e037850fa2	4	2	98.8	reports/causal_graph_review/decisions/20261005-six-records-batch3.yaml	reviewed
data/isolates/Methylobacterium_REE_Ewaste_Platform.yaml	CommunityMech:000322	70d9761a556a3e744eb81c26f1906bb0ce697b3d64be526ecaafddea7404f978	4	2	100.0	reports/causal_graph_review/decisions/20261005-six-records-batch3.yaml	reviewed
kb/communities/AMD_Acidophile_Heterotroph_Network.yaml	CommunityMech:000001	81fe29292038349e959041675b876ef4e351cdfb6884796989540185c6797834	5	1	80.0	reports/causal_graph_review/decisions/20261004-four-records.yaml	reviewed
kb/communities/AMD_Nitrososphaerota_Archaeal.yaml	CommunityMech:000002	4ec75078d1c9fcd32e5fbac218c3d4c48af25be5a0cb76887cc650c570c95e22	4	1	80.0	reports/causal_graph_review/decisions/20261005-seven-records.yaml	reviewed
kb/communities/AM_AB_Chlorella_MLSS_Wastewater_Consortium.yaml	CommunityMech:000444	1b8f102df55d246a4f8dd49e8b3e8d09ea2e7ac082cc829e2324109751889abb	0	0	0.0		pending
kb/communities/ANME_SRB_Anaerobic_Methanotrophic_Syntrophic_Consortia.yaml	CommunityMech:000276	33b202bc07eceb38a47c560434734e8b21f1b251bf20433964af97aef3568b6b	3	2	100.0	reports/causal_graph_review/decisions/20261005-seven-records.yaml	reviewed
kb/communities/ANME_SRB_Marine_Methane_Seep_Consortium.yaml	CommunityMech:000134	45dd6c7f42e725c1e51ec80e03b32e78235377a99d9dc56bafae6acccdeb7bb7	4	3	95.0	reports/causal_graph_review/decisions/20261004-four-records.yaml	reviewed
kb/communities/Aalborg_East_Full_Scale_EBPR_Community.yaml	CommunityMech:000139	8b38b18b0519f17b387ecdd88334ea66438df128cd912a5c56da4f8c1f6d012d	4	3	91.2	reports/causal_graph_review/decisions/20261005-seven-records.yaml	reviewed
kb/communities/Acetobacterium_Clostridium_CO2_Electrolysis_Coculture.yaml	CommunityMech:000173	4861dca464d4efcdf3db47d3dacb0480c77210c168b30d3aec613ee4cf3518cf	3	2	96.7	reports/causal_graph_review/decisions/20261005-seven-records.yaml	reviewed
kb/communities/Acetylene_Fueled_TCE_Dechlorination_Groundwater_Enrichment.yaml	CommunityMech:000238	31523009e0251f141c60c284424806a2289381b68f4bd125e3bea33046c8f755	3	2	93.3	reports/causal_graph_review/decisions/20261005-seven-records.yaml	reviewed
kb/communities/Achromobacter_Enterobacter_SL8_SL12_Cadmium_Immobilization_Coculture.yaml	CommunityMech:000374	eeef4a3c72f6660c2263fe91ec7858610797c19fa513bf641e2a6234ff4414d4	1	0	55.0	reports/causal_graph_review/decisions/20261005-six-records-batch3.yaml	reviewed
kb/communities/Acidic_Nitrification_Minimal_Consortium.yaml	CommunityMech:000434	376423d5910b761cc88aa6d9afe44204a7c275ed3e8873fef1a56c4def1e19c9	1	0	50.0	reports/causal_graph_review/decisions/20261005-seven-records.yaml	reviewed
kb/communities/Aerobic_Denitrification_Disturbance_SynCom.yaml	CommunityMech:000116	c9cefea6036c2e4564079cfa0950e49c2282eff63dfe120835adb0c92fbbdbb0	3	2	90.0	reports/causal_graph_review/decisions/20261004-four-records.yaml	reviewed
kb/communities/Aerobic_Denitrification_QQ_SynCom.yaml	CommunityMech:000115	91bebb0e6765cb47335cb04931e7b62995b04a900d2cf7a9b296e9033c236980	3	2	90.0	reports/causal_graph_review/decisions/20261005-seven-records.yaml	reviewed
kb/communities/Alaska_Tundra_Permafrost_Iron_Redox_Community.yaml	CommunityMech:000262	f6995f5d0e91799be24fe9cda290def69b08cb30c1c5f939b4f58d7e7888dfee	3	3	90.0	reports/causal_graph_review/decisions/20261005-twelve-records-batch4.yaml	reviewed
kb/communities/Alfalfa_Stress_Adapted_Bacterial_SynCom.yaml	CommunityMech:000458	ff5a241eec381f83352135c004e32f39407dc4d82fb4f2bbba2c2bbb299a71d9	2	0	57.5	reports/causal_graph_review/decisions/20261005-six-records-batch3.yaml	reviewed
kb/communities/Algal_Methanotroph_Biogas_Valorization_Coculture.yaml	CommunityMech:000415	3e009885b98b2aa6b6763fb5386ab60f764367d5436db204e0aede39dc6e3331	2	0	64.2	reports/causal_graph_review/decisions/20261005-twelve-records-batch4.yaml	reviewed
kb/communities/Altered_Schaedler_Flora_Gnotobiotic_Mouse_Community.yaml	CommunityMech:000144	be4b61b43e7901960e96c485a8c234f87375fd9c16cc07c08a969ca75bc21aa9	4	0	67.5	reports/causal_graph_review/decisions/20261005-twelve-records-batch4.yaml	reviewed
kb/communities/Amsterdam_10Species_Gut_Invasion_SynCom.yaml	CommunityMech:000382	01d41a601dba3f750e87784a28d97ef169dbd17de44d4fbe64f37f3d19d5cf3a	1	0	55.0	reports/causal_graph_review/decisions/20261005-twelve-records-batch4.yaml	reviewed
kb/communities/Anabaena_MGS1_Anaerobic_Digestion_Methanogen_Consortium.yaml	CommunityMech:000307	5cac7e708fb21e2541790ae2b3fd3c33479f9e693537c99d4e8a7dbd49ee6eee	5	2	100.0	reports/causal_graph_review/decisions/20261005-twelve-records-batch4.yaml	reviewed
kb/communities/Anaerobic_Indole_Degrading_Sludge_Consortium.yaml	CommunityMech:000386	9e6d7a0e292ea070a329c8fe3e064b5420631091482e6367297703e79f68df79	1	0	65.0	reports/causal_graph_review/decisions/20261005-twelve-records-batch4.yaml	reviewed
kb/communities/Anammox_Bioreactor_DNRA_Destabilization_Community.yaml	CommunityMech:000244	7fbf28a70189f8d6c53903fc8b618889fd2c31cfa8e5f79246a9fc22e108978b	5	3	90.0	reports/causal_graph_review/decisions/20261005-twelve-records-batch4.yaml	reviewed
kb/communities/Anammox_Granule_Metabolic_Interaction_Community.yaml	CommunityMech:000146	cfe33d321709ed3f502b1e4740464b352dbfe08fa226fe2b4c6a79f9c78d9f8a	4	3	97.5	reports/causal_graph_review/decisions/20261005-twelve-records-batch4.yaml	reviewed
kb/communities/Angelarchaeales_Thermoplasmata_CuMMO_Soil_Sediment_Community.yaml	CommunityMech:000234	2db6b0937bb7b4158fe6dec8e82d98a5ad9359ede221315a22cd8cf110739b3c	5	0	74.0	reports/causal_graph_review/decisions/20261005-twelve-records-batch4.yaml	reviewed
kb/communities/Apple_Fire_Blight_ANP_SynCom.yaml	CommunityMech:000377	1f2e836d0bcd5ff68622188aa5eff6d82b0d7c30d9c1a0b6191ea52f0a8e0a94	2	0	60.0	reports/causal_graph_review/decisions/20261005-twelve-records-batch4.yaml	reviewed
kb/communities/Arabidopsis_Bacillus_Biocontrol_SynCom150.yaml	CommunityMech:000368	c487e5ae123f7515fa5060e82625f5c89dd336284107fc94755552b620cabb98	5	0	65.0	reports/causal_graph_review/decisions/20261005-twelve-records-batch4.yaml	reviewed
kb/communities/Arabidopsis_Coumarin_Root_SynCom.yaml	CommunityMech:000094	5886a0fe0ac3d47e69b0e2f0c0875e551446aa459b079dd8270d1ebcb6188f13	4	3	90.0	reports/causal_graph_review/decisions/20261005-eleven-records-batch5.yaml	reviewed
kb/communities/Arabidopsis_Phyllosphere_SynCom7.yaml	CommunityMech:000093	3b8120c483b0c63da529d158921fc67d788e53b2c1c5a505ab089e6b65d763aa	3	0	75.0	reports/causal_graph_review/decisions/20261005-eleven-records-batch5.yaml	reviewed
kb/communities/Asgard_Wetland_Soil_Methanogenesis_Substrate_Community.yaml	CommunityMech:000219	90510230f2053bb53ef0f2020d0bf60b557586fa250312df1c6bdb56ade99a23	3	2	90.0	reports/causal_graph_review/decisions/20261005-eleven-records-batch5.yaml	reviewed
kb/communities/At_RSPHERE_SynCom.yaml	CommunityMech:000003	b615c84fa2415eecbf9eb3964ee830fdb3bc573508fbc42ce601fb340f3500c0	4	2	85.2	reports/causal_graph_review/decisions/20261005-eleven-records-batch5.yaml	reviewed
kb/communities/Australian_Lead_Zinc_Polymetallic.yaml	CommunityMech:000004	6caa95c7d95905e4ae235578c54a75a73908c698bbf8f5d0ad6b3339595caf63	3	2	86.7	reports/causal_graph_review/decisions/20261005-eleven-records-batch5.yaml	reviewed
kb/communities/Auxenochlorella_Pseudomonas_Florfenicol_Phycosphere_Coculture.yaml	CommunityMech:000451	eba49bde93c713de3dfa096126b3067db05aedae5399c9003a0b2843c58eaeae	1	0	65.0	reports/causal_graph_review/decisions/20261005-twelve-records-batch4.yaml	reviewed
kb/communities/Avena_Rhizosphere_CrossKingdom_SIP_Community.yaml	CommunityMech:000236	80f704ab28ca001665f3978357394d856e75221f2e58f9f9ab34eabd2b761ea9	4	2	88.8	reports/causal_graph_review/decisions/20261005-eleven-records-batch5.yaml	reviewed
kb/communities/Avena_Rhizosphere_Detritusphere_Niche_Succession.yaml	CommunityMech:000245	ea5631e37d2dbf65e26ed28a09fca23168c4c79e26160cbcb31ea93aa1e3e9e9	5	2	100.0	reports/causal_graph_review/decisions/20261005-two-records-batch12.yaml	reviewed
kb/communities/BSFL_Gut_SynCom_Bacillus_Lactobacillus_Issatchenkia.yaml	CommunityMech:000284	b531d14963595ee4927d169e209b574bd3c4a57ba8eb8891f0e6668a558297d7	5	0	65.0	reports/causal_graph_review/decisions/20261005-eleven-records-batch5.yaml	reviewed
kb/communities/Bacillales_Lignin_Degrading_LDSynCom.yaml	CommunityMech:000383	882c357a014a5814d0b7c792c6f299944e22a8a35f453a1d53ebdf20065d749e	3	0	65.0	reports/causal_graph_review/decisions/20261005-eleven-records-batch5.yaml	reviewed
kb/communities/Bacillus_A1_A3_Naphthalene_Biofilm_Consortium.yaml	CommunityMech:000358	9cf8152f3fd9b327db9471bcd6319706b40f2a65d4c92c162e8f79366a4db8d0	3	0	65.0	reports/causal_graph_review/decisions/20261005-eleven-records-batch5.yaml	reviewed
kb/communities/Bacillus_Bradyrhizobium_Straw_Humification_SynCom.yaml	CommunityMech:000120	87666ae88a9867fa73ec5a951ca48330ddbc8844cfd433e384ee3a506397a41d	3	2	93.3	reports/causal_graph_review/decisions/20261005-eleven-records-batch5.yaml	reviewed
kb/communities/Bacillus_G12_Y4_X25_Tobacco_Biocontrol_SynCom.yaml	CommunityMech:000373	e0126b602878c9abada427f906334f6a059784e07b29c33b709c9a9549f0689f	5	0	66.0	reports/causal_graph_review/decisions/20261005-eleven-records-batch5.yaml	reviewed
kb/communities/Bacillus_Pseudomonas_Galveston_PET_Consortium.yaml	CommunityMech:000370	2ddcc9012e3cb0045be8bd35993136dbdf780557535f3d0db053980694d5d2d7	1	0	65.0	reports/causal_graph_review/decisions/20261005-eleven-records-batch6.yaml	reviewed
kb/communities/Bacillus_Saccharomyces_Daqu_Spatial_Cooperation_SynCom.yaml	CommunityMech:000355	6b49e5bcec80967d21ca35ca6c76cc9468e63310fe858c80c7f8149dfc37b625	3	0	65.0	reports/causal_graph_review/decisions/20261005-eleven-records-batch6.yaml	reviewed
kb/communities/Bacillus_siamensis_vallismortis_HT_Masson_Pine_SynCom.yaml	CommunityMech:000347	c0cb1ddb17e22f1fba3db44ecdb5cf8cc8a3412d23be6910a043851f23ce51d6	3	0	63.3	reports/causal_graph_review/decisions/20261005-eleven-records-batch6.yaml	reviewed
kb/communities/Bacteroides_Desulfovibrio_Carrageenan_H2S_Coculture.yaml	CommunityMech:000464	e44ebc56b370c51d94e86c411f50203f53284105a7771fbd3836a8447271f873	2	0	65.0	reports/causal_graph_review/decisions/20261005-eleven-records-batch6.yaml	reviewed
kb/communities/Bacteroides_Eubacterium_Gnotobiotic_Gut_Model.yaml	CommunityMech:000158	23b8a0eaf082032fadaa9296f7b6b5fde6a102aa3733f4dd90699150fb5f9523	3	2	96.7	reports/causal_graph_review/decisions/20261005-eleven-records-batch6.yaml	reviewed
kb/communities/Bacteroides_Methanobrevibacter_Gnotobiotic_Mouse_Mutualism.yaml	CommunityMech:000142	ad17adfb48af6e2ca459d02eebd9cded64948ad0085a81c284fc6f21df8ae584	3	2	100.0	reports/causal_graph_review/decisions/20261005-eleven-records-batch6.yaml	reviewed
kb/communities/Baia_de_Todos_os_Santos_Mangrove_Alkane_Degrading_Consortium.yaml	CommunityMech:000413	ec30c50e1b9212ca7d14abde8333796e3114a22e128e71aba2da50aaa59d0378	2	0	65.0	reports/causal_graph_review/decisions/20261005-eleven-records-batch6.yaml	reviewed
kb/communities/Baijiu_Pit_Mud_Hexanoic_Acid_SynCom_G4.yaml	CommunityMech:000365	a284ede66ef1dee551a8ba37b94d2a0dd0e63578f7b4bb6899792dd08d53a74a	1	0	55.0	reports/causal_graph_review/decisions/20261005-eleven-records-batch6.yaml	reviewed
kb/communities/Banana_Fusarium_Biocontrol_SynCom12.yaml	CommunityMech:000097	d05cdfe724f5fb51cfa545fcbf0c7e829877dc59c4cb81121b339eeb7fd111d7	3	0	65.0	reports/causal_graph_review/decisions/20261005-twelve-records-batch7.yaml	reviewed
kb/communities/Barley_DT_Rhizosphere_SynCom.yaml	CommunityMech:000428	b4cbe1a4ec5082d224bad75aeefecc74c6cce5bf6f3b3f6a77d41959f8b93e89	2	0	55.0	reports/causal_graph_review/decisions/20261005-twelve-records-batch7.yaml	reviewed
kb/communities/Bay_Area_Sewage_SARS_CoV2_Surveillance_Community.yaml	CommunityMech:000249	dd723b34a92aff159763e8ccfe3955ba829551f50127dc24130fc9e346c69c17	3	0	70.0	reports/causal_graph_review/decisions/20261005-twelve-records-batch7.yaml	reviewed
kb/communities/Bayan_Obo_REE_Tailings_Consortium.yaml	CommunityMech:000005	655ff223cc2775123bf63fe23caa3445c1775988dd1d292a7a9edf79c4959a3f	1	0	50.0	reports/causal_graph_review/decisions/20261005-twelve-records-batch7.yaml	needs_research
kb/communities/Bifidobacterium_Faecalibacterium_2FL_FOS_Butyrate_Coculture.yaml	CommunityMech:000401	fb0edcb5af076a247ed278b42027f036f101484395333493653d4e6f75f8b319	2	0	65.0	reports/causal_graph_review/decisions/20261005-eleven-records-batch6.yaml	reviewed
kb/communities/Bifidobacterium_Ruminococcus_Infant_HMO_CrossFeeding.yaml	CommunityMech:000220	b66bdeaa74b0e354b43d2df5940e8c1cb36c3aed56a962f9c50f10df12edc3a1	6	4	91.7	reports/causal_graph_review/decisions/20261005-eleven-records-batch6.yaml	reviewed
kb/communities/Bifidobacterium_Trichomonas_Vaginal_Coculture.yaml	CommunityMech:000318	2fecaae029c25ec0d12eaf9eccf2a4c4a35dfb1e4b9b79b6f05dc9e40e2dc1de	6	3	91.7	reports/causal_graph_review/decisions/20261005-eleven-records-batch6.yaml	reviewed
kb/communities/BioAsteroid_ISS_Chondrite_Biomining_Consortium.yaml	CommunityMech:000305	deca4ca6c9b101ed4fdd56d063fba994e7b88fbabe06a8e5c8a7f19b3165ef5b	3	0	65.0	reports/causal_graph_review/decisions/20261005-twelve-records-batch7.yaml	reviewed
kb/communities/BioModels_MODEL1806250003_Spittlebug_Sulcia_Sodalis.yaml	CommunityMech:000006	f29ece197fbf2088caa649cbf78c0c2d0054d1434369353b29e7f6efdd05a848	3	0	73.3	reports/causal_graph_review/decisions/20261005-twelve-records-batch7.yaml	reviewed
kb/communities/BioModels_MODEL1806250004_Sharpshooter_Sulcia_Baumannia.yaml	CommunityMech:000007	3c0c3ec94b77750f8583de5ef0d9a8380bf28bd62a1857cdb28c95cc9ff4601b	3	0	73.3	reports/causal_graph_review/decisions/20261005-twelve-records-batch7.yaml	reviewed
kb/communities/BioModels_MODEL1806250005_Cicada_Sulcia_Hodgkinia.yaml	CommunityMech:000008	599ef8dd4776e7b3b8fabbd06bdab35c7018b3794b8f7c225795820e33f5195d	3	0	73.3	reports/causal_graph_review/decisions/20261005-twelve-records-batch7.yaml	reviewed
kb/communities/BioModels_MODEL2204300001_Kefir_Community_Model.yaml	CommunityMech:000009	b2e55eea689446b15484d0b01ce6f0da687b66ddd2b5b6507e1677216b2619ea	5	1	88.0	reports/causal_graph_review/decisions/20261005-twelve-records-batch7.yaml	reviewed
kb/communities/BioModels_MODEL2209060002_DPigrum_SAureus_Community.yaml	CommunityMech:000010	45ea96efd71094d61fc28d38e2ce107358b785f173e2982e48c87edf69ca73d6	2	0	60.0	reports/causal_graph_review/decisions/20261005-twelve-records-batch7.yaml	reviewed
kb/communities/BioModels_MODEL2310020001_Mouse_Metaorganism_Model.yaml	CommunityMech:000011	a1cef55da6c4c9d5fd0ed26cc9d862595854b6525d47a2c6939fee84cb7bf841	3	0	68.3	reports/causal_graph_review/decisions/20261005-twelve-records-batch7.yaml	reviewed
kb/communities/BioModels_MODEL2405300001_Infant_Gut_HMO_SynCom.yaml	CommunityMech:000012	365fbc2f8f5c39c550f6a8542f6bbdafffea1ac2634611db31fd637d1e2ece59	3	2	100.0	reports/causal_graph_review/decisions/20261005-twelve-records-batch7.yaml	reviewed
kb/communities/BioModels_MODEL2407300002_Sponge_Holobiont_Network.yaml	CommunityMech:000013	2f4e9de54727970a957771c70add6bd6a8fc5a6d38c4cdda2316cc50ab509e7a	6	2	95.0	reports/causal_graph_review/decisions/20261005-twelve-records-batch8.yaml	reviewed
kb/communities/BioRock_ISS_Basalt_Biomining_Consortium.yaml	CommunityMech:000303	80d7933662ad289472db9b4b21ceb2319fbc945801e5cddadef82c808065c9c3	3	0	60.0	reports/causal_graph_review/decisions/20261005-twelve-records-batch8.yaml	reviewed
kb/communities/Bosea_Pseudomonas_Dimethachlon_Degradation_Consortium.yaml	CommunityMech:000334	8c5570c61580e4a5c7232402076c0e47bc73c8b5aabe6a8fb1394b625eeee074	3	1	83.3	reports/causal_graph_review/decisions/20261005-twelve-records-batch8.yaml	reviewed
kb/communities/Bothnian_Bay_GAC_Dependent_CIET_SAO_Consortium.yaml	CommunityMech:000349	1f5a47edf08cf2ef71d33f42caaa341929e6900422787e13dea0c61c1f0b1453	3	0	73.3	reports/causal_graph_review/decisions/20261005-twelve-records-batch8.yaml	reviewed
kb/communities/Brachypodium_Young_Root_Rhizosphere_EcoFAB_Community.yaml	CommunityMech:000225	674632b452d9a13cb3c42dddd5432e24ecb395b066c03c3e396fe91f89744b04	3	2	85.0	reports/causal_graph_review/decisions/20261005-twelve-records-batch8.yaml	reviewed
kb/communities/Brocadia_Low_Nitrogen_Anammox_Consortium.yaml	CommunityMech:000447	227362963f3008129281c29d08829d1bf49aa57230b126cc7986e592c6cd9a96	1	0	57.5	reports/causal_graph_review/decisions/20261005-twelve-records-batch8.yaml	reviewed
kb/communities/Buchnera_Serratia_Cinara_Cedri_Endosymbiont_Consortium.yaml	CommunityMech:000148	5a47f483406c1d5cc040a713c08304ac178492cd5c3ea20a815d6251024c95f1	3	2	96.7	reports/causal_graph_review/decisions/20261005-twelve-records-batch8.yaml	reviewed
kb/communities/Burkholderia_Pseudomonas_YB2_PET_Degradation_Consortium.yaml	CommunityMech:000426	8bfeed82fde64564ea0aeb64f142de29e051a643aafe17dcda5e1e45ea948e0b	2	1	75.0	reports/causal_graph_review/decisions/20261005-twelve-records-batch8.yaml	reviewed
kb/communities/Butyrivibrio_Selenomonas_Ruminococcus_Lignocellulolytic_Rumen_Consortium.yaml	CommunityMech:000275	f9ad860387600c64fa0ba428afdfd9fa4cc0e960097b445b5253eb953ed1336e	2	0	60.0	reports/causal_graph_review/decisions/20261005-twelve-records-batch8.yaml	reviewed
kb/communities/CRC_Fusobacterium_Control_SynCom.yaml	CommunityMech:000128	ce036791082c01e1713952a2e090090a3cebce535c994e2b63885bfa5554d8cb	4	1	90.0	reports/causal_graph_review/decisions/20261005-twelve-records-batch8.yaml	reviewed
kb/communities/Cable_Bacteria_Photosynthetic_Biofilm_Sediment.yaml	CommunityMech:000145	6c7154dd0b4f3a7f06031550e153ef51ca1e16a7839d4c2bbb6b8982982ebd86	3	2	93.3	reports/causal_graph_review/decisions/20261005-twelve-records-batch8.yaml	needs_research
kb/communities/Calcium_Tomato_Bacterial_Wilt_SynCom.yaml	CommunityMech:000393	2003158329c3f2113f6239f65b1e6a1b85bd3c19204f7aaf9d90be7f1f5c68f0	3	1	76.7	reports/causal_graph_review/decisions/20261005-twelve-records-batch8.yaml	reviewed
kb/communities/Caldibacillus_Clostridium_Aerotolerant_Cellulose_Coculture.yaml	CommunityMech:000179	0d0ed40c05ec1cf70a99a4f012b65726cbdffa775db503b905e6cbf932ea6b24	3	1	83.3	reports/causal_graph_review/decisions/20261005-thermophile-pair-batch9.yaml	reviewed
kb/communities/Caldicellulosiruptor_TwoSpecies_Hydrogen_Coculture.yaml	CommunityMech:000185	8151dfbdf8e248288fbc2f31cc2a53bd770fb5bf34d1239538a2cb3e1b7ba990	3	1	80.0	reports/causal_graph_review/decisions/20261005-thermophile-pair-batch9.yaml	reviewed
kb/communities/California_Grassland_Precipitation_Legacy_Soil_Community.yaml	CommunityMech:000215	7d75f820906ff9d78b5b0af28c3f11f89399f0f7b80c28df6438d9f19b3b368d	3	2	100.0	reports/causal_graph_review/decisions/20261005-ten-records-batch10.yaml	reviewed
kb/communities/Candida_Parapsilosis_Hospitalized_Infant_Microbiome.yaml	CommunityMech:000248	ef0e6ee9fda6f4499e4c6169fda621c21125e2651f7663a7a02961859ead9620	4	0	66.2	reports/causal_graph_review/decisions/20261005-ten-records-batch10.yaml	reviewed
kb/communities/Caragana_Korshinskii_CrossKingdom_Forage_SynCom.yaml	CommunityMech:000338	c25facb4d904532aae4c45fe2b63c08a48983c4ce86cb46b4298a30e4847ab06	3	2	90.0	reports/causal_graph_review/decisions/20261005-ten-records-batch10.yaml	reviewed
kb/communities/Caragana_Wheat_Drought_SynCom15.yaml	CommunityMech:000456	5fe2262acd9eb4de81a2f454ac2954ab5d347a1ce7915d1cdcaf73fc584ff678	2	0	55.0	reports/causal_graph_review/decisions/20261005-ten-records-batch10.yaml	reviewed
kb/communities/Carbon_Substrate_PMSX_Biofilm_SynCom.yaml	CommunityMech:000400	8dc5ea53ef9ad6dc4469c8e9b4897a77fd9a0c1c6addb73881891884fb4a6e65	2	0	65.0	reports/causal_graph_review/decisions/20261005-ten-records-batch10.yaml	reviewed
kb/communities/CeMbio_Caenorhabditis_Elegans_Microbiome.yaml	CommunityMech:000159	e7630a669bdba05d4c780740bd67ddde69d00fd72bfb8598979fb8dc54174792	4	1	82.5	reports/causal_graph_review/decisions/20261005-ten-records-batch10.yaml	reviewed
kb/communities/Cellulomonas_Rhodobacter_Cellulose_Photohydrogen_Coculture.yaml	CommunityMech:000265	6a353c1aed235ba74ee26819e94c20454ced4900fb7e5ae85d46f353b81593d9	3	2	93.3	reports/causal_graph_review/decisions/20261005-ten-records-batch10.yaml	reviewed
kb/communities/Cellulose_Methane_Combinatorial_SynCom_Panel.yaml	CommunityMech:000394	dccc01105a6b4a1cf964e5815a24d437b6e4d5fa3ad45b78efd62164ef25a1d3	3	0	71.7	reports/causal_graph_review/decisions/20261005-ten-records-batch10.yaml	reviewed
kb/communities/Cellulose_Methane_Quad_Culture_SynCom.yaml	CommunityMech:000089	f6daf89ddcb52d344ccb2169c618bde2b7334e706c1143a2262bf95d54d9f645	6	5	100.0	reports/causal_graph_review/decisions/20261005-ten-records-batch10.yaml	reviewed
kb/communities/Cheese_Rind_InSitu_InVitro_Model_Community.yaml	CommunityMech:000153	70f98b384879211c2cb7141b419e33e144b90be0dbe11b950c0d4e8e97662135	3	0	51.7	reports/causal_graph_review/decisions/20261005-ten-records-batch10.yaml	needs_research
kb/communities/Chicken_BL6_AntiSalmonella_SynCom.yaml	CommunityMech:000346	c45342937de0702f02ed9029b7580823f25e2a59f9cdb75f83c4de6e9177ff1c	1	0	55.0	reports/causal_graph_review/decisions/20261005-four-records-batch11.yaml	reviewed
kb/communities/Chinese_Distillers_Grains_Dual_Fungal_Lignin_Consortium.yaml	CommunityMech:000421	bac337f785a683f7440bed49d1ec00fa8d4284eb0113978a702efdaad52b6ea6	2	0	65.0	reports/causal_graph_review/decisions/20261005-four-records-batch11.yaml	reviewed
kb/communities/Chlamydomonas_Bacterial_H2_Consortium.yaml	CommunityMech:000014	5abfc7e315eabcec04b7d57d557f6935e0f6fb9ba9f944dcc80628477fef5bb3	3	2	93.3	reports/causal_graph_review/decisions/20261005-four-records-batch11.yaml	reviewed
kb/communities/Chlamydomonas_Methylobacterium_Mutualism.yaml	CommunityMech:000015	dd3b4dcd34d3fd452e895b325226ee0528fbde269d1e2e53af5666631849b295	3	2	96.7	reports/causal_graph_review/decisions/20261005-four-records-batch11.yaml	reviewed
kb/communities/Chlorella_Azospirillum_Synthetic_Mutualism.yaml	CommunityMech:000191	8debe22be0e21c034886b7e6e616bd3cc2a940a8bcdb7276c4235435c499e381	4	2	95.0	reports/causal_graph_review/decisions/20261005-two-records-batch12.yaml	reviewed
kb/communities/Chlorella_Ecoli_Mixotrophic_Biofuel_Coculture.yaml	CommunityMech:000269	d090cf0ae12560991a83e3656b8a1a2b7fac06347933dc869aa1b1bf4ce02bf2	3	2	93.3	reports/causal_graph_review/decisions/20261005-two-records-batch13.yaml	reviewed
kb/communities/Chlorella_Keystone_Taxa_Antifungal_SynCom.yaml	CommunityMech:000313	506d388b39c47c8ebafff9d587222d3880f9cff303e1c161fbf0e0188f8278c6	6	0	61.7	reports/causal_graph_review/decisions/20261005-two-records-batch14.yaml	reviewed
kb/communities/Chlorella_Rhizobium_Bioflocculation.yaml	CommunityMech:000016	57d52ecbebc7d66ea87c15c949cb532b9cbad5e8c1211871a13f0647563dfbf9	2	1	75.0	reports/causal_graph_review/decisions/20261005-two-records-batch13.yaml	reviewed
kb/communities/Chlorella_Vulgaris_Whey_Coculture.yaml	CommunityMech:000422	a73b9abd45c5b23d856add09519dcc812b72c3297307872b76e5e7b75c6e8f35	1	0	50.0	reports/causal_graph_review/decisions/20261005-two-records-batch14.yaml	reviewed
kb/communities/Chlorochromatium_Aggregatum_Phototrophic_Consortium.yaml	CommunityMech:000141	9869c805629d42d823727e6e21363628909725dadd532b3759d2238a7f5ef48d	3	2	95.0	reports/causal_graph_review/decisions/20261005-three-records-batch15.yaml	reviewed
kb/communities/Choysum_SynLAV_DEHP_Rhizobacterial_SynCom.yaml	CommunityMech:000403	23c898adcb069d4f4f36cc49783674e02fa33a814b11cdc8a3a7ed7f84f74239	2	1	75.0	reports/causal_graph_review/decisions/20261005-three-records-batch15.yaml	reviewed
kb/communities/Chromium_Sulfur_Reduction_Enrichment.yaml	CommunityMech:000017	5be48eb0c799123a45f64ec1a3dc2e07d3fcd614110fa95c383edbdcd4ed4a87	3	2	96.7	reports/causal_graph_review/decisions/20261005-three-records-batch15.yaml	reviewed
kb/communities/Cinnamate_Degradation_Consortium.yaml	CommunityMech:000018	6b8b4403e3b23932e5a7f59de1f2580dab061a5327e45f1d62cadd4d32c107d9	3	2	96.7	reports/causal_graph_review/decisions/20261005-two-records-batch16.yaml	reviewed
kb/communities/Clostridial_isoDCA_Mini_Consortium.yaml	CommunityMech:000396	bb785ba51ceecbd2b3eccdee982413f11baf5df7f5f33f180dc9a9a49ef4363d	1	0	60.0	reports/causal_graph_review/decisions/20261005-two-records-batch16.yaml	reviewed
kb/communities/Clostridium_Acetobutylicum_Ljungdahlii_Fusion_Coculture.yaml	CommunityMech:000336	27e4e0784e4d50f0b619fb8754e1f6f3417d351e12344be9f5c8df293035b61c	8	2	93.8	reports/causal_graph_review/decisions/20261005-one-record-batch17.yaml	reviewed
kb/communities/Clostridium_Autoethanogenum_Kluyveri_Syngas_Coculture.yaml	CommunityMech:000172	21ed35857776bcd6e203c18ade2249e16cc8abb31fea0c5bc169df9b394c8861	3	2	96.7	reports/causal_graph_review/decisions/20261005-three-records-batch18.yaml	reviewed
kb/communities/Clostridium_Caldicellulosiruptor_Minimal_Medium_Coculture.yaml	CommunityMech:000193	d4d2ba27f20dc52220bd8e443288c91b3b7e7a0606f8c2cc4855d63e48423e20	3	0	65.0	reports/causal_graph_review/decisions/20261005-three-records-batch18.yaml	reviewed
kb/communities/Clostridium_Carboxidivorans_Kluyveri_CO_Chain_Elongation_Coculture.yaml	CommunityMech:000266	dfc0feb9084b682e6d5f9dfc9529d9ae7f146e31371d63c63960ffe6a3fd391a	3	2	96.7	reports/causal_graph_review/decisions/20261005-three-records-batch18.yaml	reviewed
kb/communities/Clostridium_Cellulolyticum_Geobacter_Cellulose_MFC_Coculture.yaml	CommunityMech:000175	bafb8c0e58150b2e586e92c84725b0e3ad88001a64c2d1acb1d2889ede2810b3	3	1	83.3	reports/causal_graph_review/decisions/20261007-five-records-batch91.yaml	reviewed
kb/communities/Clostridium_Cellulovorans_Beijerinckii_AECC_ABE_Coculture.yaml	CommunityMech:000323	caf85d65ddbfd4b6c591335118414b5a2ceda81b17fbd201a4b1c8fb8641ce2c	3	0	71.7	reports/causal_graph_review/decisions/20261005-three-records-batch19.yaml	reviewed
kb/communities/Clostridium_Cellulovorans_Methanosarcina_Cellulose_Methane_Coculture.yaml	CommunityMech:000174	c6b526dc6a76ffb307bdd56cc43df3b3365fc2def4fe027d53924869f5746d78	3	2	96.7	reports/causal_graph_review/decisions/20261005-three-records-batch19.yaml	reviewed
kb/communities/Clostridium_Cellulovorans_Rhodopseudomonas_Cellulose_Biohydrogen_Coculture.yaml	CommunityMech:000264	609d1b7276a71d3a613fe7ffc299e75b6e4862e12c8057e6edf87822ff2816cb	3	1	83.3	reports/causal_graph_review/decisions/20261005-three-records-batch20.yaml	reviewed
kb/communities/Clostridium_Ecoli_Nitratidesulfovibrio_Minority_Mediator_Consortium.yaml	CommunityMech:000333	2f6a2ce202dc1f694ca8135b2fa16a97affaee218748de4a8de42ebf127a5e7a	4	0	67.5	reports/causal_graph_review/decisions/20261005-three-records-batch20.yaml	reviewed
kb/communities/Clostridium_Ljungdahlii_Kluyveri_Syngas_Alcohol_Coculture.yaml	CommunityMech:000202	20f83f2018d5e58a63e1886835d1b4728359a8bbc1f3ed5b1f14bf2e828bd217	4	2	95.0	reports/causal_graph_review/decisions/20261005-three-records-batch20.yaml	reviewed
kb/communities/Clostridium_Phytofermentans_Ecoli_Cellobiose_Biofilm_Consortium.yaml	CommunityMech:000196	9a4fdb8dc3bbda96d454f371df026770f3baa65a1cff23b8c43d883ff3105836	4	3	95.0	reports/causal_graph_review/decisions/20261005-three-records-batch21.yaml	reviewed
kb/communities/Clostridium_Saccharomyces_Cellulose_Ethanol_Coculture.yaml	CommunityMech:000206	fa05e29f87dd939c2d7a694b88083fb080077be68faa3d53007d0762609c7915	3	2	96.7	reports/causal_graph_review/decisions/20261005-three-records-batch21.yaml	reviewed
kb/communities/Clostridium_Thermoanaerobacter_Cellulosic_Bioethanol_Coculture.yaml	CommunityMech:000168	0b2e76d94c5f2eb1d40c8505f71e811b3b4784ed0322a278f4b27628a37e7e63	3	2	93.3	reports/causal_graph_review/decisions/20261005-three-records-batch21.yaml	reviewed
kb/communities/Clostridium_Thermoanaerobacterium_JN4_GD17_Cellulosic_Biofuel_Coculture.yaml	CommunityMech:000180	5dfcac09163ce6ac2930e58230d3d82efda7d5f63cda1afeba33bc16c05d2ecd	3	2	90.0	reports/causal_graph_review/decisions/20261005-three-records-batch22.yaml	reviewed
kb/communities/Clostridium_Thermocellum_Saccharoperbutylacetonicum_Cellulosic_Butanol_Coculture.yaml	CommunityMech:000208	750b838217019c6d341bdb5d6e797acead41d051c49ba068e48bb58e1cff9f87	3	2	93.3	reports/causal_graph_review/decisions/20261005-three-records-batch22.yaml	reviewed
kb/communities/Coastal_Forested_Wetland_Seawater_Ion_Microcosm_Community.yaml	CommunityMech:000258	cf9d8d36d20665d0732f08fd825c77c5eada6c5f7fd668c9092d7a29a8698728	4	2	90.0	reports/causal_graph_review/decisions/20261005-three-records-batch22.yaml	reviewed
kb/communities/Community_G_GenX_Biodegradation_Consortium.yaml	CommunityMech:000387	4aefdcd766a663a1d8fd547207b3f754cfcf6bc938f2212ea4389ca221aacb8d	1	0	55.0	reports/causal_graph_review/decisions/20261005-three-records-batch23.yaml	reviewed
kb/communities/Composting_SynCom_Lignocellulose_Degradation_Humus.yaml	CommunityMech:000277	16e496ddf18a513d3b3ca26c61999146cdf18b0675044ad7ae0d1425482ed270	3	2	90.0	reports/causal_graph_review/decisions/20261005-three-records-batch23.yaml	reviewed
kb/communities/Coniochaeta_Sphingobacterium_Citrobacter_Wheat_Straw_Consortium.yaml	CommunityMech:000195	eb6927ba0ac59c0884bc3f479f20606ca4ae1f80b0855c415759db879a03fd2f	4	2	90.0	reports/causal_graph_review/decisions/20261005-three-records-batch23.yaml	reviewed
kb/communities/Copper_Biomining_Heap_Leach.yaml	CommunityMech:000019	5c620e46ecbe040463098d40373531e88b5b2bc12f08bb57b4d926b3537a0c4e	5	8	90.0	reports/causal_graph_review/decisions/20261005-two-records-batch25.yaml	reviewed
kb/communities/Cordyceps_Malbranchea_Antimicrobial_Coculture.yaml	CommunityMech:000453	2b61b970b93b4db345670df9f86f00ba299b29ba76cb56b99333fd8bf68e7c6d	2	0	55.0	reports/causal_graph_review/decisions/20261005-three-records-batch24.yaml	reviewed
kb/communities/Corynebacterium_glutamicum_Shewanella_oneidensis_Succinic_Acid_Coculture.yaml	CommunityMech:000294	1522534e0e993cff111c4fcde85182868aeae81389cb47120d97a3882b88250d	3	2	90.0	reports/causal_graph_review/decisions/20261005-three-records-batch24.yaml	reviewed
kb/communities/Coscinodiscus_Synthetic_Community.yaml	CommunityMech:000020	96bf155c9e47de5f8934bbf367f392bfcee5073098125c841db171fd0b9dda1a	5	2	90.0	reports/causal_graph_review/decisions/20261005-two-records-batch25.yaml	reviewed
kb/communities/Crucian_Carp_Gut_Disease_Resistance_SynCom.yaml	CommunityMech:000293	5dc07af806fbaa10b2eb522c2e5221c404aabc6ff58ea1f9cec7062ba079f09e	3	2	90.0	reports/causal_graph_review/decisions/20261005-three-records-batch24.yaml	reviewed
kb/communities/Crystal_Geyser_CO2_Aquifer_CPR_Lipid_Community.yaml	CommunityMech:000252	b219156340ab8170a318ed82b9bf47e7a5a5b67e490870d42fabb2c9a8e25051	3	2	93.3	reports/causal_graph_review/decisions/20261007-five-records-batch91.yaml	reviewed
kb/communities/Cultivated_Meat_Contaminant_SynCom.yaml	CommunityMech:000366	432da24bbdadb8fb88ea3c7aec46d75743748ef94449b645a1a199bd651d047e	2	0	70.0	reports/causal_graph_review/decisions/20261006-four-records-batch28.yaml	reviewed
kb/communities/Cyantraniliprole_Fahmy_Consortium_T4.yaml	CommunityMech:000369	0ecd37ff8b4675764844c6d704c634832fecd8635b80e6f9c5759c217345595c	2	0	60.0	reports/causal_graph_review/decisions/20261006-four-records-batch28.yaml	reviewed
kb/communities/Cyprus_Copper_Sulphide_Bioleaching_Consortium.yaml	CommunityMech:000217	c914e6ebd91d24dbb0b18b48b2aff7979e6528900cc282824d40b8da8afb29c8	3	0	63.3	reports/causal_graph_review/decisions/20261006-four-records-batch28.yaml	reviewed
kb/communities/DCPP_DBS4_DCP4_DCP11d_Degradation_SynCom.yaml	CommunityMech:000410	f9b1a67fb3fcd903a1adcb16f0eb5279a3738ff6807ddc4cc9203553be36bc3a	3	0	73.3	reports/causal_graph_review/decisions/20261006-three-records-batch27.yaml	needs_research
kb/communities/DIETsimp_Lignocellulose_to_Methane_DIET_Consortia.yaml	CommunityMech:000297	41e06f6c3fa5433a002180badb92870c4664a3863c394d4c7d25acf38a23a3be	3	2	96.7	reports/causal_graph_review/decisions/20261006-four-records-batch28.yaml	reviewed
kb/communities/DVM_Triculture.yaml	CommunityMech:000021	a35537c075a8b201555340df6b43a65be0409250e87e476fb4dac682201e6f36	4	2	100.0	reports/causal_graph_review/decisions/20261006-dvm-batch57.yaml	reviewed
kb/communities/Dairy_Wastewater_Algal_Cyanobacterial_Cultivation_Panel.yaml	CommunityMech:000384	4fc81cfb17b74f44b121440c5375d5a8e2f42e76b60ee057fdc53deafa263831	0	0	0.0	reports/causal_graph_review/decisions/20261006-kefir-dairy-batch59.yaml	needs_research
kb/communities/Dangl_SynComm_35.yaml	CommunityMech:000022	9a828b5a59f88ca41699338a0187ebbe4d59da5b05fcc4ef40cf788b2ee9a277	4	2	89.4	reports/causal_graph_review/decisions/20261006-three-records-batch29.yaml	reviewed
kb/communities/Deepwater_Horizon_Deep_Sea_Oil_Plume_Succession.yaml	CommunityMech:000166	7cc349b1d2309b6d071aeaea72234305922c0c76458baab1469ce258142083f7	3	2	89.0	reports/causal_graph_review/decisions/20261006-three-records-batch29.yaml	reviewed
kb/communities/Defined_Multispecies_Enamel_Caries_Model.yaml	CommunityMech:000082	320691301cf3e2d94ca9bf69873471e12309ce32271eecc02c3b222a08e6b9d6	3	0	65.0	reports/causal_graph_review/decisions/20261006-three-records-batch29.yaml	reviewed
kb/communities/Defined_ThreeStrain_Organic_Nitrogen_Nitrifying_Community.yaml	CommunityMech:000397	b3843b5e2f64d179b4bc11a1558b7f977c025252fa6fe16d8ab82e0dfb292ec1	1	0	65.0	reports/causal_graph_review/decisions/20261006-three-records-batch27.yaml	reviewed
kb/communities/Dehalococcoides_Desulfovibrio_Lactate_TCE_Syntrophy.yaml	CommunityMech:000199	bc9eebbdf57b937cc87c72ee439f404bb7ab51b99b2f06e2f11fd240a454c629	3	2	93.3	reports/causal_graph_review/decisions/20261006-three-records-batch30.yaml	reviewed
kb/communities/Dehalococcoides_Desulfovibrio_Pelosinus_Corrinoid_Triculture.yaml	CommunityMech:000200	2d771dc7df594f59d55d100bdf4e7ed6bbc571dfea0a4e37a774583e831910dc	4	3	95.0	reports/causal_graph_review/decisions/20261006-three-records-batch30.yaml	reviewed
kb/communities/Dehalococcoides_Methanosarcina_DMB_Cobalamin_Coculture.yaml	CommunityMech:000209	fbf9a3612c04d172cd46cc210b069e03e627b5dcec722682651abfe6e0e6afb7	3	2	93.3	reports/causal_graph_review/decisions/20261006-three-records-batch30.yaml	reviewed
kb/communities/Dehalococcoides_Pelobacter_Acetylene_TCE_Coculture.yaml	CommunityMech:000184	ab28a71ff971a76db7e6bc3989a24ff65fbf03b0eb1177ae70c85fab1d04c813	3	2	93.3	reports/causal_graph_review/decisions/20261006-three-records-batch31.yaml	reviewed
kb/communities/Dehalococcoides_Syntrophomonas_TCE_Dechlorination_Coculture.yaml	CommunityMech:000183	b0c182ee42aa14442f77f15b8a8ada5172fbbd989f8175c399af7f83877b6dd2	3	2	93.3	reports/causal_graph_review/decisions/20261006-three-records-batch31.yaml	needs_research
kb/communities/Dehalococcoides_mccartyi_CWV2_Dechlorinating_Consortium.yaml	CommunityMech:000301	252f1bd100591910deeb53b0de75130e7f38995f3de7a10aca6466f3f16e2c66	5	2	100.0	reports/causal_graph_review/decisions/20261006-three-records-batch31.yaml	reviewed
kb/communities/Desert_Tomato_Salt_Stress_SynCom5.yaml	CommunityMech:000096	7fb2c3641380b2013a82dfebdeda01aa6df976f96e8307e2e2df4e93f75d92c6	4	2	90.0	reports/causal_graph_review/decisions/20261006-three-records-batch32.yaml	reviewed
kb/communities/Desulfovibrio_Methanococcus_Syntrophy.yaml	CommunityMech:000023	62ab309b887d822437b62ca6fdc9a90f055e70c7bd32d05be255d6e087eee8b0	3	3	96.7	reports/causal_graph_review/decisions/20261006-three-records-batch32.yaml	reviewed
kb/communities/Desulfovibrio_Methanosarcina_Lactate_Syntrophy.yaml	CommunityMech:000150	21a3574175a120649f4dac15a262cf4ec861891f16f8beb1faae6d2ecd01913d	3	2	93.3	reports/causal_graph_review/decisions/20261006-three-records-batch32.yaml	needs_research
kb/communities/Diclofenac_Activated_Sludge_Microbial_Consortium.yaml	CommunityMech:000379	d8e197f2bb938229e5e6cb3424a509aad5c4f62e45022ae2e1a7860eaac5a1b1	2	0	60.0	reports/causal_graph_review/decisions/20261006-three-records-batch33.yaml	reviewed
kb/communities/Dolichospermum_FBCC_A233_Xenic_Phycosphere_Community.yaml	CommunityMech:000441	d4da92fc50e4b006fcaaf2d830d5c668e1e2671cea3b00655909a97a8c5e4bd1	2	0	57.5	reports/causal_graph_review/decisions/20261006-three-records-batch33.yaml	reviewed
kb/communities/Drosophila_FiveSpecies_Gnotobiotic_Gut_Microbiota.yaml	CommunityMech:000160	b4b58e41f802bbff0ca7c31fd870d6b11bea6c7ead8bd8201b896c45ebfb6efe	3	1	80.0	reports/causal_graph_review/decisions/20261006-three-records-batch33.yaml	needs_research
kb/communities/Drought_Rhizosphere_Iron_Actinobacteria_Community.yaml	CommunityMech:000235	43a6278925edf2172f53f949f654de35a85d0139160a6445e6e09a6483967d7b	3	0	75.0	reports/causal_graph_review/decisions/20261006-three-records-batch34.yaml	reviewed
kb/communities/Dual_Bacillus_coagulans_Pseudomonas_putida_Lactic_Acid_Coculture.yaml	CommunityMech:000286	222e691cd06dfd934351e2b0b117ad6d65d4e937c5c36d0fa6e7aa9143a1294d	3	2	88.3	reports/causal_graph_review/decisions/20261006-three-records-batch34.yaml	reviewed
kb/communities/ENIGMA_Denitrifying_SynCom.yaml	CommunityMech:000024	a35550c54115980d58745e932271f5af7eff69dfa8eafa13c73a8bbc36e1676b	3	2	90.0	reports/causal_graph_review/decisions/20261006-three-records-batch34.yaml	reviewed
kb/communities/Early_Dental_Biofilm_FiveSpecies.yaml	CommunityMech:000081	5f765b58c46852bbb55161479525a0b8f6bcc3249c385ca296978ef580a62c75	3	0	61.7	reports/causal_graph_review/decisions/20261006-three-records-batch35.yaml	reviewed
kb/communities/East_River_Floodplain_Core_Microbiome.yaml	CommunityMech:000137	152ced119bc2c3699bd6d14465561ce7fa7e5010c0defbeb40f027303b9b83e7	3	0	62.5	reports/causal_graph_review/decisions/20261006-three-records-batch35.yaml	reviewed
kb/communities/East_River_Hillslope_Riparian_Transect_Community.yaml	CommunityMech:000233	fbc3e3dba6d44ba88f701bfb38ef387898aa1000579763e1ab676817c6abf0ce	4	3	88.8	reports/causal_graph_review/decisions/20261006-three-records-batch35.yaml	reviewed
kb/communities/EcoFAB_Ring_Trial_SynCom17.yaml	CommunityMech:000025	2e0f6da3387904e4f33283c5117df14ab55c80a1ec7d7290fe00343f69569f1d	5	4	87.0	reports/causal_graph_review/decisions/20261006-three-records-batch36.yaml	reviewed
kb/communities/Ecoli_Bifidobacterium_bifidum_Infant_gut_HMO_Mutualism_Coculture.yaml	CommunityMech:000296	31e420e8e1553817b77ff5bde0d4229ee09eca2cbf62e5d6524a275801475627	3	2	100.0	reports/causal_graph_review/decisions/20261006-three-records-batch36.yaml	reviewed
kb/communities/Ecoli_GL10_XL12_D_Lactate_Mixed_Sugar_SynCom.yaml	CommunityMech:000357	5d5c7c4e2d853489be775ef1cc44ec611af78b2dff902287c1bf2f18bfa9ad4d	1	0	65.0	reports/causal_graph_review/decisions/20261006-three-records-batch36.yaml	reviewed
kb/communities/Ecoli_K12_MG1655_Arg_Met_CrossFeeding_Coculture.yaml	CommunityMech:000455	2a72a54518f0a8635f1d599a91b7f750f94349c2f1c7a002159170a8f5be9c4c	3	0	75.0	reports/causal_graph_review/decisions/20261006-three-records-batch37.yaml	needs_research
kb/communities/Electrostimulated_Mixotrophic_VFA_Producing_Enrichment_Consortium.yaml	CommunityMech:000287	39dd44074408cc2e990576c6b8c40c18e2faf74c862881e9643865b69da8e0e1	5	2	89.0	reports/causal_graph_review/decisions/20261006-three-records-batch37.yaml	reviewed
kb/communities/Electrostimulated_Toluene_Methanogenic_Microbiota.yaml	CommunityMech:000440	6d55992d0ce9ba8a4398c071862cc167ca334085174ed5c7f04aed80829588c2	3	0	63.3	reports/causal_graph_review/decisions/20261006-three-records-batch37.yaml	reviewed
kb/communities/Electrosynthetic_Consortia_Shewanella_Clostridium_Acetobacterium_Acetate.yaml	CommunityMech:000298	236e65e0a34ac546bcc54c39e37fd6f69d98943d2e6527324d96b800fe9a53bc	3	2	90.0	reports/causal_graph_review/decisions/20261006-three-records-batch40.yaml	reviewed
kb/communities/Emiliania_Phaeobacter_Dynamic_Interaction.yaml	CommunityMech:000143	d3d385ef2d9f8807a54d65a3e7ec6a08371f98df61b771426717fad84758577c	3	1	81.7	reports/causal_graph_review/decisions/20261006-three-records-batch40.yaml	reviewed
kb/communities/Engineered_Gut_Amino_Acid_CrossFeeding_Consortium.yaml	CommunityMech:000151	54c35d933209e608a7f894e1e602441d945a5d311e4b9ff212ab6fae1a0f5a18	3	2	93.3	reports/causal_graph_review/decisions/20261006-three-records-batch40.yaml	reviewed
kb/communities/Ensifer_YF2_Sphingobacterium_Y2_Polyethylene_Degrading_Consortium.yaml	CommunityMech:000299	57ac6be6ce479d6e721e7c7a81a54ede921eee8620e3b466d061750d7d24d60c	3	1	75.0	reports/causal_graph_review/decisions/20261006-three-records-batch38.yaml	reviewed
kb/communities/Episymbiotic_CPR_DPANN_Groundwater_Community.yaml	CommunityMech:000237	365db2424aa243d7f2727a5bb344aae80293574cc6a1d2db7e5780ccb475eb09	5	1	76.0	reports/causal_graph_review/decisions/20261006-three-records-batch38.yaml	reviewed
kb/communities/Eucalyptus_Nursery_FiveStrain_Inoculant_SynCom.yaml	CommunityMech:000316	e14a2eea79cf30da31d464f571f728fe07984e9cc854938340d075f8a2e02fd0	3	0	63.3	reports/causal_graph_review/decisions/20261006-three-records-batch39.yaml	reviewed
kb/communities/Euglena_Chlorella_Microalgal_Biorefinery_Coculture.yaml	CommunityMech:000325	4d5cdc403a12e77b46efdff937eebb29fd0e3b71418a497ea69287ac0a8d0bfc	4	1	78.8	reports/causal_graph_review/decisions/20261006-three-records-batch38.yaml	reviewed
kb/communities/Ewaste_Bioleaching_Consortium.yaml	CommunityMech:000026	e55cc485b57d871ad1a431bd2de7ea20588cde4e61029b769e095b1380499965	3	3	90.0	reports/causal_graph_review/decisions/20261006-three-records-batch39.yaml	reviewed
kb/communities/FOS_Lactobacillus_MinimalCore_GutLiver_SynCom.yaml	CommunityMech:000466	0ca3ae19e967be3786f5495c5633b088efc2afd4dbe18c322eb2a3a6447d29ef	3	0	63.3	reports/causal_graph_review/decisions/20261006-three-records-batch39.yaml	needs_research
kb/communities/Ferroplasma_Leptospirillum_Syntrophy.yaml	CommunityMech:000027	08e60d74c495dfee5ec77a2a8ed63da4da51b1ebe1adb527350591d0e5b6340b	4	1	82.5	reports/causal_graph_review/decisions/20261006-three-records-batch41.yaml	reviewed
kb/communities/Fomitopsis_Ecoli_Nutritional_Stress_Coculture.yaml	CommunityMech:000457	e23f7534b2c596261fdb8f6a69225c64ee0fcc4b10b95eb27bfccc7a48e2b0fe	2	0	62.5	reports/causal_graph_review/decisions/20261006-three-records-batch41.yaml	reviewed
kb/communities/FourSpecies_Aerobic_Lung_Microbiome_Model.yaml	CommunityMech:000432	e6123414e5fb18492837dd471cc7a12496821032306fdb6a6fba9b938e7908fb	0	0	0.0	reports/causal_graph_review/decisions/20261006-three-records-batch41.yaml	needs_research
kb/communities/Fucoidan_Seven_Degrader_Combinatorial_SynCom.yaml	CommunityMech:000449	61c3e21e1a830b7d0b3e2d3ee2fc7bc17ecc1724aa79414c106e04312c63f468	2	0	60.0	reports/causal_graph_review/decisions/20261006-three-records-batch42.yaml	needs_research
kb/communities/GENIA_NineMember_MultiPollutant_Bioremediation_SynCom.yaml	CommunityMech:000352	72fcc1720a4bb6b3a0a464f98524ab2bbf999b2b73eaf71efa0fa98be433b9c3	3	1	78.3	reports/causal_graph_review/decisions/20261006-three-records-batch42.yaml	reviewed
kb/communities/GLBRC_Exometabolite_Transwell_SynCom.yaml	CommunityMech:000091	8d1ef9c4d9c8b8b0f2c203a984747b02cfa32e10fe648d3fd5bf0a9548c8208f	2	0	70.0	reports/causal_graph_review/decisions/20261006-three-records-batch42.yaml	needs_research
kb/communities/GLBRC_Populus_Variovorax_SynCom28.yaml	CommunityMech:000028	c251f6d716591cd391dbb09ad961f6ccb7b123988b9c677d925356b8463d2c28	3	0	61.7	reports/causal_graph_review/decisions/20261006-variovorax-batch43.yaml	reviewed
kb/communities/GLBRC_UFMP_Fermentation_Community.yaml	CommunityMech:000029	e3f1905f6c8547e172311d18108c5860d14f919150c44f238ddc484a497b763f	3	2	91.2	reports/causal_graph_review/decisions/20261007-five-records-batch91.yaml	reviewed
kb/communities/GOM_Oil_Degrading_Consortium.yaml	CommunityMech:000030	90d4d45224abfc9829feb8fd1cabde320c410a7a843ea3410c89dda4852cc299	3	0	65.0	reports/causal_graph_review/decisions/20261006-three-records-batch44.yaml	reviewed
kb/communities/Garlic_Pseudomonas_SynCom6.yaml	CommunityMech:000095	0052209591a0d6d3e106ad27feaca9dde69645f9725f01ba63e41ebeb5c5c59c	1	0	65.0	reports/causal_graph_review/decisions/20261006-three-records-batch44.yaml	reviewed
kb/communities/Geobacter_Clostridium_Interspecies_Electron_Transfer_Coculture.yaml	CommunityMech:000031	2bfa8ffd6b7d147f3c471eb88aa26482f93b0cc8d7b23dc39838402715463329	2	1	75.0	reports/causal_graph_review/decisions/20261006-clostridium-batch45.yaml	reviewed
kb/communities/Geobacter_Methanosaeta_DIET.yaml	CommunityMech:000032	8e194a9177b013c6db3e2dd9b4ed9744f06ca0379116f41a0f4ed62cf1d4fde1	3	2	93.3	reports/causal_graph_review/decisions/20261006-methanogens-batch46.yaml	needs_research
kb/communities/Geobacter_Methanosarcina_DIET.yaml	CommunityMech:000033	b6b5f1714e6692936ca408e74dba44df4cbb9518a258c7c7203425998c2979e0	3	2	91.7	reports/causal_graph_review/decisions/20261006-methanogens-batch46.yaml	needs_research
kb/communities/Geobacter_Pseudomonas_Formate_Fumarate_Electroactive_Coculture.yaml	CommunityMech:000201	23bc65dd7bc600d926ad4f080c7f5af377da12558d2602e08f8c77324bab6fe1	4	1	81.2	reports/causal_graph_review/decisions/20261006-geobacter-pseudomonas-batch47.yaml	reviewed
kb/communities/Ginseng_CL95_Rusty_Root_Rot_Biocontrol_SynCom.yaml	CommunityMech:000376	e228c2b46ce20acca93762d68d61fe0945620902a42deb516e65fb5f87eee720	3	0	65.0	reports/causal_graph_review/decisions/20261006-ginseng-s11-batch48.yaml	reviewed
kb/communities/Glutamicibacter_S11_Aquaculture_Nitrogen_Removal_SynCom.yaml	CommunityMech:000411	8348a96a90c28a1f575a7badf3c05194fdbbe1c69e23d5d4469468542c849bd4	1	0	55.0	reports/causal_graph_review/decisions/20261006-ginseng-s11-batch48.yaml	reviewed
kb/communities/Grassland_Soil_WetUp_Virus_Host_Community.yaml	CommunityMech:000224	69f8f1177ae4ad7775872f98f55d3bcc9d184f0c4c45425fbc189128d1427d93	3	2	93.3	reports/causal_graph_review/decisions/20261006-wetup-elusimicrobia-batch49.yaml	reviewed
kb/communities/Groundwater_Elusimicrobia_Diverse_Metabolisms.yaml	CommunityMech:000242	0f6adfa3d990e2d2d09e5680230095263aecd71f1ee1b00288ebe13e5a995089	4	0	63.8	reports/causal_graph_review/decisions/20261006-wetup-elusimicrobia-batch49.yaml	reviewed
kb/communities/HAMBI_Carbon_Gradient_SynCom16.yaml	CommunityMech:000423	a6de23c0605bdd23154c61dca8a27d161e55f8fdf0e191bc55d38969b693a6f8	1	0	55.0	reports/causal_graph_review/decisions/20261006-hambi-hanford-c6-batch50.yaml	reviewed
kb/communities/Hanford_300_Area_Unconfined_Aquifer_Community.yaml	CommunityMech:000138	61ab38249ffc3fd960901f1868e3373e77ea3077bc79880e1e125eef7e8162d2	3	0	65.0	reports/causal_graph_review/decisions/20261006-hambi-hanford-c6-batch50.yaml	reviewed
kb/communities/Hexamine_Formaldehyde_Consortium_C6.yaml	CommunityMech:000405	275243762d5d3c3032178fcc68b9005177a5d0f1924ff6ef01e3aeaf114e8d08	2	0	60.0	reports/causal_graph_review/decisions/20261006-hambi-hanford-c6-batch50.yaml	reviewed
kb/communities/High_Ammonia_Biogas_0B_Butyrate_Oxidizing_Enrichment.yaml	CommunityMech:000350	9c1ecf68184260fe68327386dea7b0ca0c056fb610975b21cb9cbd8352042f14	3	2	100.0	reports/causal_graph_review/decisions/20261006-enrichments-core20-batch51.yaml	reviewed
kb/communities/High_Solids_Switchgrass_Methanogenic_Microbiome.yaml	CommunityMech:000194	89902153cb8c0086b9305528173ec5147c6dcc6c0fa0c9ba9980011a559b7aac	3	2	90.0	reports/causal_graph_review/decisions/20261006-enrichments-core20-batch51.yaml	reviewed
kb/communities/Honeybee_Core20_Defined_Microbiota.yaml	CommunityMech:000124	9f955b7498ec80ad343cc5afc8ee5121fd0f9370d456bb94009088d8fcd6efae	3	2	100.0	reports/causal_graph_review/decisions/20261006-enrichments-core20-batch51.yaml	reviewed
kb/communities/Horonobe_Mizunami_URL_Subsurface_Microbiome.yaml	CommunityMech:000218	16a754cbe3b613ccff8bc58d6977583343afb00734dd6552311b9ae8b3c34bbd	4	0	67.5	reports/causal_graph_review/decisions/20261006-urls-amd-proteome-batch52.yaml	reviewed
kb/communities/Hualgayoc_Acidic_Sulfate_Reducing_AMD_Consortium.yaml	CommunityMech:000353	123c3e9e5a107b28346350c70a739cda2a27079917779f2d91d4797157c5f5af	2	1	85.0	reports/causal_graph_review/decisions/20261006-urls-amd-proteome-batch52.yaml	needs_research
kb/communities/Human_Gut_FourMember_Proteome_Complementarity_Consortium.yaml	CommunityMech:000317	d69abd3a1b4d3c0f41c90130143c41f5d4d234f5aec7926f3526894bfaa3b2a2	3	2	90.0	reports/causal_graph_review/decisions/20261006-urls-amd-proteome-batch52.yaml	reviewed
kb/communities/Iberian_Pit_Lake_Stratified_Community.yaml	CommunityMech:000034	849626f1d5bc82bead855d41117508cdc48dd20c3e696864047368344c14b5ab	5	0	65.0	reports/causal_graph_review/decisions/20261006-pitlakes-bioleach-biofilm-batch53.yaml	reviewed
kb/communities/Industrial_Bioreactor_Consortium.yaml	CommunityMech:000035	71160959bae2c8e3f0caf63d57452a597e29967f70faea6bec59016752b9aad4	9	0	63.9	reports/causal_graph_review/decisions/20261006-pitlakes-bioleach-biofilm-batch53.yaml	needs_research
kb/communities/Industrial_Milk_Line_FourSpecies_Model_Biofilm.yaml	CommunityMech:000152	d11705d887a01509f631792a193c61ea0c57af05e3ac4d50ae2a2f08ab107f8d	3	2	90.0	reports/causal_graph_review/decisions/20261006-pitlakes-bioleach-biofilm-batch53.yaml	reviewed
kb/communities/Infant_Gut_DNA_Phage_Succession_Community.yaml	CommunityMech:000223	21f96693bd3c7fd376824ef7fff9897a3d8fbf3843395bb32abd9965c0b50bcf	4	2	88.8	reports/causal_graph_review/decisions/20261006-infant-gut-batch54.yaml	reviewed
kb/communities/Infant_Gut_Prebiotic_Response_SynCom.yaml	CommunityMech:000281	65a7283c698b0a9f7b3644df944199c1f9349c5675c58b84e2d76f746a6a43ac	3	1	80.0	reports/causal_graph_review/decisions/20261006-infant-gut-batch54.yaml	needs_research
kb/communities/Infant_Gut_Strain_Persistence_Maternal_Community.yaml	CommunityMech:000240	628d4ae9504b000f14951fa6179843051f2fad9f0a56b8f5ee89aae6a48e5e00	3	2	86.7	reports/causal_graph_review/decisions/20261006-infant-gut-batch54.yaml	needs_research
kb/communities/Ion_Adsorption_REE_Indigenous_Community.yaml	CommunityMech:000036	09de6c3346c0253626f8175162e663538a44860465124483cf12f75ba655c0bd	5	3	88.0	reports/causal_graph_review/decisions/20261006-three-records-batch55.yaml	reviewed
kb/communities/Jala_Maize_PGPB_SynCom.yaml	CommunityMech:000099	f1f84af4838a5c066a06690f4e5ab55130ac29dcd6bf28db302b5ce116627652	4	2	90.0	reports/causal_graph_review/decisions/20261006-three-records-batch55.yaml	reviewed
kb/communities/Jiangshui_LAB_Directed_Fermentation_SynCom.yaml	CommunityMech:000356	2a203d55521c6c2f51365d762a7294e4daa222232e808468239c89b2405d8456	2	1	75.0	reports/causal_graph_review/decisions/20261006-three-records-batch55.yaml	reviewed
kb/communities/KB1_Chlorinated_Ethene_Dechlorinating_Consortium.yaml	CommunityMech:000132	2dddd68ddedcbb86e9524066b26f0c3ade41432b515e8bfee9427c5a49a5f1b9	3	1	80.0	reports/causal_graph_review/decisions/20261006-three-records-batch56.yaml	reviewed
kb/communities/KBase_Models_for_Zahmeeth_Original_PLOS.yaml	CommunityMech:000037	848044ac5bcc1eeea7cf6c1496f51aba0484b5ab84d09af30dc7ab20743e835d	3	0	59.2	reports/causal_graph_review/decisions/20261006-three-records-batch56.yaml	reviewed
kb/communities/KBase_ORT_Workflow_Community_Model.yaml	CommunityMech:000038	b4cfa6d608db1e2d04f70537c425d23def58fb2528394a9226b82f4cc609ebf2	3	2	90.0	reports/causal_graph_review/decisions/20261006-three-records-batch56.yaml	reviewed
kb/communities/KBase_Synthetic_Bacterial_Community_R2A.yaml	CommunityMech:000039	8239899f70763acf1aa6be423b37e77737a7e6367b6203888c96e163e9419753	2	0	65.0	reports/causal_graph_review/decisions/20261006-r2a-batch58.yaml	reviewed
kb/communities/Kefir_Flavor_Lentilactobacillus_Kluyveromyces_Coculture.yaml	CommunityMech:000332	f562c28689b45ec3c53061db80bb3c6f33c4e464fe82b7d2d8236eebf53c383d	4	0	65.0	reports/causal_graph_review/decisions/20261006-kefir-dairy-batch59.yaml	reviewed
kb/communities/Klebsiella_Arthrobacter_KZ_Phenanthrene_Cadmium_SynCom.yaml	CommunityMech:000344	65275177a514ceb42276f4f416da7b727e5200b3a8f79fb1510cf6c49bbd083c	1	0	55.0	reports/causal_graph_review/decisions/20261006-kz-kmc-komagataella-batch60.yaml	needs_research
kb/communities/Komagataella_Ecoli_Coinducible_Biosynthesis_Coculture.yaml	CommunityMech:000343	f4024c9731b98eac233911893d44568c3a9097460fb1aa3fb93fced0647cb746	0	0	0.0	reports/causal_graph_review/decisions/20261006-kz-kmc-komagataella-batch60.yaml	needs_research
kb/communities/Kombucha_KMC_IMBG1_Fermentation_Community.yaml	CommunityMech:000154	9df19ae1add5269721799ee3a8328edf0531e314c15e3a3abc71a2e4e659fa40	3	1	80.0	reports/causal_graph_review/decisions/20261006-kz-kmc-komagataella-batch60.yaml	reviewed
kb/communities/LBNL_Brachypodium_Drought_SynCom15.yaml	CommunityMech:000088	a7e41d95bc05106486f450153065da247369b854b757d68d451bea5e64e0b8e4	5	0	75.0	reports/causal_graph_review/decisions/20261006-lbnl-batch61.yaml	reviewed
kb/communities/LBNL_Human_Gut_Interaction_SynCom.yaml	CommunityMech:000122	aa02533254dbc2a5f78544e1d3155b49f65ba8cffaa2f88b99d625ebf91cd816	3	1	90.0	reports/causal_graph_review/decisions/20261006-lbnl-batch61.yaml	reviewed
kb/communities/LBNL_Switchgrass_Soil_SynCom16.yaml	CommunityMech:000087	9e12c5c9efe9440e6ae98386a71eaba63198a4eb71fca5a7bd25dcb1cc188562	3	0	75.0	reports/causal_graph_review/decisions/20261006-lbnl-batch61.yaml	reviewed
kb/communities/Lac_Pavin_Stratified_Lake_Community.yaml	CommunityMech:000226	6b0d06a73fb3eaee96fe5cb7c9a8edac412e72a92de38813cbc89d640aed98b2	3	0	65.0	reports/causal_graph_review/decisions/20261006-lakes-mars-batch62.yaml	reviewed
kb/communities/Lake_Washington_Methane_Oxygen_Methylotroph_Community.yaml	CommunityMech:000261	8398eb23db4f653e903319d33c8c308f4f212b35b922c324cb5dae1f022b6144	3	1	82.7	reports/causal_graph_review/decisions/20261006-lakes-mars-batch62.yaml	reviewed
kb/communities/Legume_Rhizobia_Mars_Simulant_Symbiosis.yaml	CommunityMech:000311	b7a2b149c446b51c8db592cc9cca8c52c14f69f4f367940267c3bf69e08927b5	3	0	65.0	reports/causal_graph_review/decisions/20261006-lakes-mars-batch62.yaml	reviewed
kb/communities/Leptolyngbya_Pseudomonas_Mangrove_Coculture.yaml	CommunityMech:000452	de38e85b39857ca2d12ebc0bd2e00381497e2237a05bc3b57c054308b37551a7	2	0	57.5	reports/causal_graph_review/decisions/20261006-coculture-hosts-batch63.yaml	reviewed
kb/communities/Lotus_LjSC3.yaml	CommunityMech:000040	317b96ee5acec4d086af63b9862dc613ca0d2ccfc325eae037b14eea0db5d011	3	0	60.5	reports/causal_graph_review/decisions/20261006-coculture-hosts-batch63.yaml	reviewed
kb/communities/Lunar_Martian_Simulant_PGPB_Lettuce_SynCom.yaml	CommunityMech:000304	f15a9d74bf4cdf521541790fed47c158980424e9a616152545370ccb93ca7000	3	0	65.0	reports/causal_graph_review/decisions/20261006-coculture-hosts-batch63.yaml	reviewed
kb/communities/Lunar_Simulant_Phosphate_Solubilizing_Bacteria_Nicotiana.yaml	CommunityMech:000306	880e7a2f3269d73be3a9cdd38f7433934afbdf47ad3a04cc6820982256b3ce89	3	0	63.3	reports/causal_graph_review/decisions/20261006-assay-boundaries-batch64.yaml	reviewed
kb/communities/Lupinus_SC7_Rhizosphere_SynCom.yaml	CommunityMech:000427	59a83e4d0b1defdc5f3bae63bccb38caa87fa9fd90a6c115e5be6f518998f6ff	3	0	60.0	reports/causal_graph_review/decisions/20261006-assay-boundaries-batch64.yaml	reviewed
kb/communities/MAMC_M48_Lignocellulose.yaml	CommunityMech:000041	d877e443187162745cbfa2adba246854e6b2667793da22f8837fd64d08925176	1	0	55.0	reports/causal_graph_review/decisions/20261006-assay-boundaries-batch64.yaml	reviewed
kb/communities/MSC1_Dominant_Core.yaml	CommunityMech:000042	479f6594e26ce8439b24c947798594f7e1a28c6deedf918911ed5d342885d540	3	0	63.3	reports/causal_graph_review/decisions/20261006-soil-mucin-batch65.yaml	reviewed
kb/communities/MSC2_Model_Soil_Consortium.yaml	CommunityMech:000086	2145f5d6484f30023f834b708ccb23d3625375ab32dcf1a2e8a9fc3c4083271d	3	2	90.0	reports/causal_graph_review/decisions/20261006-soil-mucin-batch65.yaml	reviewed
kb/communities/MUC2_Human_Gut_Commensal_Defined_Consortium.yaml	CommunityMech:000351	01cb4512723915154b17fa1676382c9807fda7f733fc62efb63afabdad3e3742	2	0	57.5	reports/causal_graph_review/decisions/20261006-soil-mucin-batch65.yaml	reviewed
kb/communities/MUCC_Freshwater_Wetland_Methane_Network_Community.yaml	CommunityMech:000257	7d4a55d47676c9d86d07bed817918b120fb80464e39212ef2cd4491c70c45abb	4	0	65.0	reports/causal_graph_review/decisions/20261006-wetland-crossfeeding-batch66.yaml	reviewed
kb/communities/MWF001_FourSpecies_CrossFeeding_Consortium.yaml	CommunityMech:000443	e74f02ca9923e5df126fe571d3f6edc28a59451d385df9b89276f6a68882253b	2	0	60.0	reports/causal_graph_review/decisions/20261006-wetland-crossfeeding-batch66.yaml	needs_research
kb/communities/Magnetite_Sulfate_Stress_Anaerobic_Microbiome.yaml	CommunityMech:000380	1947b775f1ff0266347513042955d0502cae65b6fcfefc89264a35c2382217ca	3	0	71.7	reports/causal_graph_review/decisions/20261006-wetland-crossfeeding-batch66.yaml	reviewed
kb/communities/Maize_Benzoxazinoid_Metabolizing_SynComs.yaml	CommunityMech:000101	a34131384a65a262125210bbe7f309b53ea0e25ea0e2095389ecb4c6c9b28613	3	1	90.0	reports/causal_graph_review/decisions/20261006-maize-batch67.yaml	reviewed
kb/communities/Maize_Drought_Response_SynCom.yaml	CommunityMech:000103	4cf2fbfda47fbabe5d4b3fce4492a1f0dc0c60f57acd4967fd89bdf823974d6e	7	7	97.9	reports/causal_graph_review/decisions/20261006-maize-batch67.yaml	reviewed
kb/communities/Maize_Root_Simplified_Community.yaml	CommunityMech:000043	7da2403dc621786c6d12d1440cdb2cd28f0982aecbe8660d1dfeddaa41bf273b	3	0	63.3	reports/causal_graph_review/decisions/20261006-maize-batch67.yaml	reviewed
kb/communities/Maize_SC2_RootRot_Biocontrol_SynCom.yaml	CommunityMech:000375	ce0f1152033785546b47d35e4c92d120e1f0a78c30e1cafab3033a34924c0113	3	1	78.3	reports/causal_graph_review/decisions/20261006-four-records-batch68.yaml	reviewed
kb/communities/Mangrove_Benzene_MFC_Bioanode_Consortium.yaml	CommunityMech:000442	96166a3b9e1e6298b99bb0930ac0cab6b69018ea5b54788e0e9f65231f9bbb6e	2	1	75.0	reports/causal_graph_review/decisions/20261006-four-records-batch68.yaml	reviewed
kb/communities/Mars_Meteorite_EETA79001_Growth_Panel.yaml	CommunityMech:000308	8cf227fbe445dfa8d4088670d65eec045904f27f4236a321fe3a2e1c76ef6306	3	1	80.0	reports/causal_graph_review/decisions/20261006-four-records-batch68.yaml	reviewed
kb/communities/Mars_Regolith_Cyanobacteria_Biofertilizer_Panel.yaml	CommunityMech:000309	95c7aa9378753e3c664f27b1f65569bb2bf36cd4c9dcef95e9f47ad88ec1a805	3	1	80.0	reports/causal_graph_review/decisions/20261006-four-records-batch68.yaml	reviewed
kb/communities/Medicago_Nodule_Biofertilizer_SynCom.yaml	CommunityMech:000108	2a18ca9fcf2f7545be1ba7c84c9101f47c71cbe5c91b34772a79840e0b8b7d17	3	2	90.0	reports/causal_graph_review/decisions/20261006-four-records-batch69.yaml	reviewed
kb/communities/Mediterranean_AM_Fungal_SixSpecies_SynCom.yaml	CommunityMech:000367	131c693e79866346936d781297007e8fbbde83b68b80eb9cbe1005461589868f	1	0	55.0	reports/causal_graph_review/decisions/20261006-four-records-batch69.yaml	reviewed
kb/communities/Mediterranean_Grassland_qSIP_Rainfall_Community.yaml	CommunityMech:000227	474315304cb1947acd06560087f11588e56670b65b09fe9e1833545a510fe1b1	4	0	61.2	reports/causal_graph_review/decisions/20261006-four-records-batch69.yaml	needs_research
kb/communities/Meghalaya_Bacillus_Consortia_A22ED9.yaml	CommunityMech:000406	53d309aa32e37b083b7cc046a89dcdb8f1b559ca89c978920811f57fdd2f164a	1	0	55.0	reports/causal_graph_review/decisions/20261006-four-records-batch69.yaml	needs_research
kb/communities/Mercury_SFA_EFPC_Sediment_Community.yaml	CommunityMech:000044	25f38eefaa513a1fc34784155e02694c7258f93776f8c4a7d4ab876a6ef0f758	4	1	80.0	reports/causal_graph_review/decisions/20261006-four-records-batch70.yaml	reviewed
kb/communities/Mesorhizobium_Synechococcus_B12_Synthetic_Consortium.yaml	CommunityMech:000315	531fae457ac00b9d75c248510bbd8b0af70cfb9e76ae6b7bebb5b001640862f2	6	3	89.2	reports/causal_graph_review/decisions/20261006-four-records-batch70.yaml	reviewed
kb/communities/Methane_MFC_Electrogenesis_Nitrogen_Fixation_Consortium.yaml	CommunityMech:000327	11138074c4f29dbcc2edc83f109d31930d2011cab626c35dbab9d04a865252b4	5	2	89.0	reports/causal_graph_review/decisions/20261006-four-records-batch70.yaml	reviewed
kb/communities/Methane_Oxidation_CrVI_Reduction_SynCom.yaml	CommunityMech:000121	7f14334134476ca8389cc1c26fa69afebe9da5c73be862b94ed880db9c6579de	3	2	90.0	reports/causal_graph_review/decisions/20261006-four-records-batch70.yaml	reviewed
kb/communities/Methylacidiphilum_Galdieria_Thermoacidophilic_Coculture.yaml	CommunityMech:000171	28ab69eb0a5c33ae226cdadc93a773d5f5801acbcefaca7448dd3fbcc56d167a	3	2	93.3	reports/causal_graph_review/decisions/20261007-four-records-batch71.yaml	reviewed
kb/communities/Methylocaldum_Cupriavidus_Methane_Acetate_Crossfeeding_Coculture.yaml	CommunityMech:000197	d32433fda917a6b1dc25fb2788762957fe2945f7b2813586c02a9fdae7728c56	2	1	77.5	reports/causal_graph_review/decisions/20261007-four-records-batch71.yaml	reviewed
kb/communities/Methylocaldum_Methyloceanibacter_Methane_Crossfeeding_Coculture.yaml	CommunityMech:000169	895b7a07d1fe190d25d9867e6314c8a1d81e4ba8d22abcdcddee2b38cff62e00	3	2	93.3	reports/causal_graph_review/decisions/20261007-four-records-batch71.yaml	reviewed
kb/communities/Methylocystis_Rhodococcus_Methane_VFA_PHBV_Coculture.yaml	CommunityMech:000204	a543b6b7f3df788f7119e74006d7eeec8d75727d68a98dff4a485f992145b0d4	2	0	60.0	reports/causal_graph_review/decisions/20261007-four-records-batch71.yaml	reviewed
kb/communities/Methylomicrobium_Chlorella_Methane_Sequestration_Coculture.yaml	CommunityMech:000192	a58d8ac4603390f7322d606e5aacc0002d3240b03d47b5786e994da2c5412cc9	3	2	93.3	reports/causal_graph_review/decisions/20261007-four-records-batch72.yaml	reviewed
kb/communities/Methylotuvimicrobium_Synechococcus_Gas_Feedstock_Coculture.yaml	CommunityMech:000170	e5dfb319c4ad66e288910657f76423b4a083e73f6761bbaeecd1b0c4e1b4afcf	3	2	93.3	reports/causal_graph_review/decisions/20261007-four-records-batch72.yaml	reviewed
kb/communities/Microalgae_Cyanobacteria_Bioactive_Peptide_Consortia.yaml	CommunityMech:000390	13f107e9c60dafb1f45527dc041ea9c9d1ddb9f72642a368c771a87293d045fa	0	0	0.0	reports/causal_graph_review/decisions/20261007-four-records-batch72.yaml	reviewed
kb/communities/Microbacterium_Terrabacter_Sulfadiazine_CrossFeeding_Coculture.yaml	CommunityMech:000462	6b7afe887f8b6dd052a4fae909df27de25e0ee34ad383950c4205bad8548adf6	3	2	100.0	reports/causal_graph_review/decisions/20261007-four-records-batch72.yaml	reviewed
kb/communities/Microcoleus_Massilia_Cyanosphere_Urea_Mutualism.yaml	CommunityMech:000157	e2b681f86a96efdb82d98b9ec1a78aa4d7b3686e4d301bb8302d18807393201c	3	2	100.0	reports/causal_graph_review/decisions/20261007-four-records-batch73.yaml	reviewed
kb/communities/Microhabitat_Mineral_Fungal_Bacterial_SOM_SynCom.yaml	CommunityMech:000407	5de3bf29957c111122030447d4062e79fe6a2f241f7e1ab2e213fb240d1f8b77	1	0	50.0	reports/causal_graph_review/decisions/20261007-four-records-batch73.yaml	reviewed
kb/communities/Miscanthus_REE_Tailings_Nitrogen_SynCom10.yaml	CommunityMech:000111	dbf02fa1c11105ba4622df78e4eb555143c05be77ba8abc843173ecae45994c5	3	2	90.0	reports/causal_graph_review/decisions/20261007-four-records-batch73.yaml	reviewed
kb/communities/Mixed_Gallium_LED_Recovery_Consortium.yaml	CommunityMech:000045	c9e9c9642b62987399daa4d82a3778b14f9cbb794085e7eb8d0dd562eb4dc117	4	3	90.0	reports/causal_graph_review/decisions/20261007-four-records-batch73.yaml	needs_research
kb/communities/Model_Cyanobacterial_Consortia_Core_Microbiome.yaml	CommunityMech:000214	c995dcaed8253c17933f5cc48404f8a09438eb99dc975df2d717a08c24a69023	3	0	65.0	reports/causal_graph_review/decisions/20261007-four-records-batch74.yaml	reviewed
kb/communities/Model_Lignocellulose_Formaldehyde_Crossfeeding_Community.yaml	CommunityMech:000178	1cdf5aaf167042938bdbdd8d9bcb0abaa322a0a4a99a7f05abd8b2658740e82c	4	1	85.0	reports/causal_graph_review/decisions/20261007-four-records-batch74.yaml	reviewed
kb/communities/Moss_Microbe_Complex_Regolith_Biofertilizer.yaml	CommunityMech:000310	40f12b8a0f6ef7d64390819dd8c67282e465da6d24d5098d19080088dd04199d	3	1	83.3	reports/causal_graph_review/decisions/20261007-four-records-batch74.yaml	reviewed
kb/communities/Mucin_Glycan_MDSC_Synthetic_Gut_Community.yaml	CommunityMech:000392	4ef5925538ded3549c72fd84eaa0786922b4f9565de33946289104cef18a5d49	3	1	80.0	reports/causal_graph_review/decisions/20261007-four-records-batch74.yaml	reviewed
kb/communities/Mulberry_Distillers_Grains_Feed_Consortium.yaml	CommunityMech:000435	db5dd094bbd49fba2952851b1d8394c3b30d04cb08440f850ae04cc77614137d	2	0	60.0	reports/causal_graph_review/decisions/20261007-four-records-batch75.yaml	reviewed
kb/communities/Multi_stage_Anaerobic_Digestion_SynCom_YSJ_and_SynCom_J.yaml	CommunityMech:000274	93c0f771f13065d1e571c9eb5a548e09714581bbe588cf0b522bdbc29af456da	3	2	93.3	reports/causal_graph_review/decisions/20261007-five-records-batch91.yaml	reviewed
kb/communities/Multiomics_Corn_Straw_Degradation_SynCom.yaml	CommunityMech:000119	b6274bb4ad8beb9df16a81340ddbc536cdf94233e9e8961697a8423ec5a14a60	4	3	100.0	reports/causal_graph_review/decisions/20261007-four-records-batch75.yaml	reviewed
kb/communities/Multispecies_Probiotic_MV_Luteolin_Consortium.yaml	CommunityMech:000425	65986397aa530933ed3b2d65d9cf8110e96b30898c3458c1d024e98fa42a81b4	1	0	65.0	reports/causal_graph_review/decisions/20261007-four-records-batch75.yaml	needs_research
kb/communities/Mushroom_Spring_Hot_Spring_Phototrophic_Mat_Community.yaml	CommunityMech:000260	8d131584e1660e832aa9da1946b7d4181fca2c0bccd3fe88dc20ff4dcc4c8fed	4	1	80.0	reports/causal_graph_review/decisions/20261007-four-records-batch76.yaml	reviewed
kb/communities/NCycle_Bioflocculation_Model_Consortium.yaml	CommunityMech:000126	f0b81d66223077f101b4157c1d115a99d0be593a2b9b4a0c2dcfb8f6ad38f21a	3	1	90.0	reports/causal_graph_review/decisions/20261007-four-records-batch76.yaml	reviewed
kb/communities/NDC6_Psychrotolerant_Nitrogen_Removal_SynCom.yaml	CommunityMech:000463	1a1c02d8b33165075608eba9bc482646843cecfe41a7a99c3d47f5ab9bbb5c97	1	0	55.0	reports/causal_graph_review/decisions/20261007-four-records-batch76.yaml	reviewed
kb/communities/Naica_Deep_Subsurface_Thermophilic.yaml	CommunityMech:000046	18f4bc69aff646a74cd4f402b36be2a789d02e69a04efcd9c43a94e2c15dc8e9	3	0	65.0	reports/causal_graph_review/decisions/20261007-four-records-batch76.yaml	reviewed
kb/communities/Nasal_SynCom_C_Bioreactor.yaml	CommunityMech:000395	4bd66811333c6960ebab5553e7ce71c8a4f92aa1d81f0fc2c9e2b4f6b75dac2e	0	0	0.0	reports/causal_graph_review/decisions/20261007-four-records-batch77.yaml	needs_research
kb/communities/Neocallimastix_Methanobrevibacter_Xylan_Coculture.yaml	CommunityMech:000156	2dfcebb0ae5d58d6bedffe10cda2f9c71f2e8866278739376d7e788835859864	3	2	100.0	reports/causal_graph_review/decisions/20261007-four-records-batch77.yaml	reviewed
kb/communities/Ngawha_Geothermal_Mercury_Cycling_Community.yaml	CommunityMech:000243	f483df7d09ad54db2c7ee6ef0e4bcaa8f40aa66a12fc8cb4aa5568c2f84243df	5	0	65.0	reports/causal_graph_review/decisions/20261007-four-records-batch77.yaml	reviewed
kb/communities/Nitratireductor_Gordonia_Z123_LDPE_Degradation_SynCom.yaml	CommunityMech:000342	b782163d991445cbfabe4645db8c21b3597c0cb40046148fa0f5a208c5342838	1	0	55.0	reports/causal_graph_review/decisions/20261007-four-records-batch77.yaml	needs_research
kb/communities/Nitrifying_Wastewater_Ammonia_Oxidizing_Consortium.yaml	CommunityMech:000433	61a0b16fc00db138fa35884e8f9f170bda3b2cc9092008a9d5098b3600ad920a	1	0	63.3	reports/causal_graph_review/decisions/20261007-four-records-batch78.yaml	needs_research
kb/communities/OMM12_Gnotobiotic_Mouse_Gut_Community.yaml	CommunityMech:000133	850493028ce860f07a09dccf22edadd16a29743f9ba8c42363c36091ad0a5e38	3	1	90.0	reports/causal_graph_review/decisions/20261007-four-records-batch78.yaml	reviewed
kb/communities/ORNL_Clostridium_Desulfovibrio_Geobacter_Trophic_Model.yaml	CommunityMech:000176	151a414766ded2f1c8b094002819c6e620751b6344ef9753d1f3a988c1cf99dd	4	2	97.5	reports/causal_graph_review/decisions/20261007-four-records-batch78.yaml	reviewed
kb/communities/ORNL_PMI_Populus_PD10_SynCom.yaml	CommunityMech:000047	339ff13ebe407e9c101499ec4a8ec7618da7079c503e7457152577021ab71a04	5	3	92.0	reports/causal_graph_review/decisions/20261007-four-records-batch78.yaml	needs_research
kb/communities/Oak_Ridge_FRC_Uranium_Nitrate_Groundwater_Community.yaml	CommunityMech:000136	fd8891c4ada299a06c57062e47f8598fc7f5a1755fc2e1241255c44cff6211d4	3	1	80.0	reports/causal_graph_review/decisions/20261007-four-records-batch79.yaml	reviewed
kb/communities/Ogataea_Met10_Str3_Sulfur_CrossFeeding_Coculture.yaml	CommunityMech:000450	5feb6042f2cf7da47745ea846cab0dba57cd50b9fef9aa20a8ab60eb849e805e	3	0	66.7	reports/causal_graph_review/decisions/20261007-four-records-batch79.yaml	needs_research
kb/communities/Okeke_Lu_Cellulolytic_Consortium.yaml	CommunityMech:000048	1992cf47e5fd154a6684b025a6117d7f10398c65beb8d8e5f65e8e2115ab8f42	3	2	90.0	reports/causal_graph_review/decisions/20261007-four-records-batch79.yaml	needs_research
kb/communities/Optimized_Rumen_Fiber_Degrading_SynCom3.yaml	CommunityMech:000398	ee1333388f5d7353daf7713abf744220accf40a855bdbe8b66389f9b7c5031c6	3	0	65.0	reports/causal_graph_review/decisions/20261007-four-records-batch79.yaml	reviewed
kb/communities/Ostreococcus_Dinoroseobacter_BVitamin_Mutualism.yaml	CommunityMech:000155	cf97608310d356cd214378747e4a8dba895f6f44590f256dc87bc1201037216e	3	1	90.0	reports/causal_graph_review/decisions/20261007-four-records-batch80.yaml	needs_research
kb/communities/PET_Artificial_FourSpecies_Degradation_Consortium.yaml	CommunityMech:000163	89b4c7b7a9ee546af9b2186ea36fb13a516c46918914e42eafb6855ebc746864	5	5	96.0	reports/causal_graph_review/decisions/20261007-four-records-batch80.yaml	reviewed
kb/communities/PGM_Spent_Catalyst_Bioleaching.yaml	CommunityMech:000049	4b16d6cb0cab948c4d923ddbf4b562cea8a276596cf6ec5e33222137515f91d8	3	0	73.3	reports/causal_graph_review/decisions/20261007-four-records-batch80.yaml	needs_research
kb/communities/PMI_Variovorax_Thermotolerance_Collection.yaml	CommunityMech:000050	383d3f3edfa39cebe1a05faafaaafe35f5dd66c5ef24ea75117f0c0dc770babc	3	0	65.0	reports/causal_graph_review/decisions/20261007-four-records-batch80.yaml	reviewed
kb/communities/PPCP_Wastewater_Sphingopyxis_Ochrobactrum_Apiotrichum_SMC.yaml	CommunityMech:000420	1ec35a19be4bccd263fd578dffe22ebe67642fa9f7a16d8f845176b0afb354b6	1	0	55.0	reports/causal_graph_review/decisions/20261007-four-records-batch81.yaml	needs_research
kb/communities/PPHET_Hybrid_Photosynthetic_PHB_Microbiome.yaml	CommunityMech:000359	85af3a32baae2c92ed06ee398e552add0b70df7c4e014fb13d7b7ad6f3901cd5	4	1	78.8	reports/causal_graph_review/decisions/20261007-four-records-batch81.yaml	reviewed
kb/communities/PSY_Transgenic_Rice_Rhizosphere_Methane_Community.yaml	CommunityMech:000216	5a3fa99c9184f7631ff2a2eb44892f5cc0dc5af877d13bded8adf7c615d18472	4	3	92.5	reports/causal_graph_review/decisions/20261007-four-records-batch81.yaml	needs_research
kb/communities/Panax_Bacillus_Serratia_RootRot_Biocontrol_SynCom.yaml	CommunityMech:000460	1009ce440481b3b01af2965e9e1e18e64980923b1276133d3fae2fb8923c1eb7	4	0	63.8	reports/causal_graph_review/decisions/20261007-four-records-batch81.yaml	reviewed
kb/communities/Panzhihua_Vanadium_Titanium_Tailings.yaml	CommunityMech:000051	b5a4255cbaf18200e7002f843bffa20e870a5d1676d5c7cf3f4036c9ce92b0a0	3	0	57.5	reports/causal_graph_review/decisions/20261007-four-records-batch82.yaml	needs_research
kb/communities/Parachlorella_Saccharomyces_Mutualistic_Coculture.yaml	CommunityMech:000295	ee3166c701c928154cb1f46337d3d43a5ee56946d75f93fcd6d4ac8ecb3f8b82	4	2	90.0	reports/causal_graph_review/decisions/20261007-four-records-batch82.yaml	needs_research
kb/communities/Parmigiano_NWS_Set2_LAB_Triculture.yaml	CommunityMech:000431	1ca3e250bbd757768243c691712d2139c54a2da4e59570360417188516bb4b2c	4	0	65.0	reports/causal_graph_review/decisions/20261007-four-records-batch82.yaml	reviewed
kb/communities/Peanut_Seed_Bacterial_CS_SynCom.yaml	CommunityMech:000102	faf0f4193278f1fc4c65f5666b79129629c3e1add520245a3ff941596b96513c	4	1	90.0	reports/causal_graph_review/decisions/20261007-four-records-batch82.yaml	needs_research
kb/communities/Pelagerythrobacter_Salinicola_PES_Pyrene_Degradation_SynCom.yaml	CommunityMech:000340	c3ce655c53db89daeab6cf8ee8ca02ab7eb3bf597d6fe0dd7171ba33194dde1a	3	2	96.7	reports/causal_graph_review/decisions/20261007-four-records-batch83.yaml	reviewed
kb/communities/Pelotomaculum_Methanocella_Propionate_RNASeq_Coculture.yaml	CommunityMech:000190	bb9483d04163c1df53929e60873f075a00e66d1364f8cf5779248da608b1054c	4	2	100.0	reports/causal_graph_review/decisions/20261004-four-records.yaml	reviewed
kb/communities/Pelotomaculum_Methanothermobacter_Syntrophy.yaml	CommunityMech:000052	360878e4212242ce0caf07938081bf46502f977747343a560d00684f3b725609	3	2	100.0	reports/causal_graph_review/decisions/20261007-four-records-batch83.yaml	needs_research
kb/communities/Pepper_Growth_Rhizosphere_SynCom.yaml	CommunityMech:000104	b8dda93ce15fd6860fd8c424d85c961c4bb7ec2187e732720927120833158c37	3	2	86.7	reports/causal_graph_review/decisions/20261007-four-records-batch83.yaml	reviewed
kb/communities/Pepper_Phytophthora_SynCom5.yaml	CommunityMech:000105	ed26e547580e6b5fa6662c07720f45993a2a5a49e891a8574a635cbf0a44d81e	3	2	90.0	reports/causal_graph_review/decisions/20261007-four-records-batch83.yaml	needs_research
kb/communities/Phaeodactylum_Aliivibrio_Diel_Coculture.yaml	CommunityMech:000446	c3b29dc71d33c53774afd1181099ef90ade79efb42a0e8ff0b55e9ea3bfffc10	2	0	60.0	reports/causal_graph_review/decisions/20261007-four-records-batch84.yaml	needs_research
kb/communities/Phenol_Carboxylation_Consortium.yaml	CommunityMech:000053	a778ef6c883f5d6b7c80dc22be5611de4027d08d4f9d3b23e9a0d330f3f768b1	3	3	100.0	reports/causal_graph_review/decisions/20261007-four-records-batch84.yaml	reviewed
kb/communities/Phormidium_Alkaline_Consortium.yaml	CommunityMech:000054	5bd6ec7333293e123e4b68212ddd64a6db8a8efd69f446912d154b260d79f2f5	4	1	81.7	reports/causal_graph_review/decisions/20261007-four-records-batch84.yaml	needs_research
kb/communities/Phosphitivorax_Methanoculleus_Lithosyntrophy_Phosphite_Coculture.yaml	CommunityMech:000290	e2eda8deadaaa36ce6ee96ed15871e1cc8c674fea990cd76c77bc74d3e13695a	3	2	100.0	reports/causal_graph_review/decisions/20261007-four-records-batch84.yaml	needs_research
kb/communities/Phylogenetically_Diverse_Denitrifying_SynCom.yaml	CommunityMech:000113	6c83e98d24d68c5be779516c7d8a827629f79a37d7b91597db85ca7e727a8bd6	3	0	65.0	reports/causal_graph_review/decisions/20261007-four-records-batch85.yaml	needs_research
kb/communities/Pichia_Lactiplantibacillus_CCMA_Plant_Beverage_Coculture.yaml	CommunityMech:000345	1dff5927ac9481854b9b13e67efb7fa7be2353674710553de2490207e9996dd9	0	0	0.0	reports/causal_graph_review/decisions/20261007-four-records-batch85.yaml	needs_research
kb/communities/Picocystis_Activated_Sludge_Refinery_SWW_Consortium.yaml	CommunityMech:000439	a2ac824aec0e51a196e0fccaca9f7346f74b0fc331704c53e69b6b04ff731c12	0	0	0.0	reports/causal_graph_review/decisions/20261007-four-records-batch85.yaml	needs_research
kb/communities/Pinus_armandii_Endophytic_Biocontrol_SynCom.yaml	CommunityMech:000280	609a40bb20f1ec5b5bb35f3a8805707bd7478c87b345d517c3c32b3d8af41625	4	0	61.2	reports/causal_graph_review/decisions/20261007-four-records-batch85.yaml	reviewed
kb/communities/Pleuromutilin_Degrading_Artificial_Consortium_5_Strain.yaml	CommunityMech:000300	08cd2f0be57b813b8e230e235c317770d414a6c4948003dd645063562c9a55c2	2	0	60.0	reports/causal_graph_review/decisions/20261007-five-records-batch91.yaml	needs_research
kb/communities/Polaromonas_Vanadium_Reduction_Community.yaml	CommunityMech:000055	bdb14ed3d33c4a9adc05479849201bf3530bd23d9867a2bc5ddb635b9507a3a5	2	1	66.2	reports/causal_graph_review/decisions/20261007-four-records-batch86.yaml	reviewed
kb/communities/Populus_Salt_Tolerant_SynComs.yaml	CommunityMech:000090	c96458a84a7951d477b792d0a23164f263c4dee76dae2593656d4b39699b10bd	3	2	98.3	reports/causal_graph_review/decisions/20261007-four-records-batch86.yaml	reviewed
kb/communities/Poultry_Wastewater_ThreeStrain_Electroactive_Consortium.yaml	CommunityMech:000330	932b57ad58aa3a1f58b9ad9be0163d2210a7cfa593964b37abc6d3a83d7f3ebb	3	2	85.0	reports/causal_graph_review/decisions/20261007-four-records-batch86.yaml	reviewed
kb/communities/Prairie_Pothole_Wetland_Sulfur_Carbon_Virus_Community.yaml	CommunityMech:000256	308c9b0010ffed9d84d8e99cd1365b2d46ce98ea19957d09a679a7c2855681e9	4	2	90.0	reports/causal_graph_review/decisions/20261007-four-records-batch87.yaml	reviewed
kb/communities/Premature_Infant_Gut_Escherichia_Diametric_Ratio_Community.yaml	CommunityMech:000253	3e501c7d6ab82739e66c7d78b1191589c2a784ebb8dc12b820f0b319cf2a1abf	1	0	65.0	reports/causal_graph_review/decisions/20261007-four-records-batch87.yaml	reviewed
kb/communities/Priestia_Pseudomonas_Rice_Arsenic_Stress_SynCom.yaml	CommunityMech:000341	ff8f7cc7901006581e7df1c86ec9a4ddb371cde42fe0d48e0212de275860cf91	2	0	60.0	reports/causal_graph_review/decisions/20261007-four-records-batch87.yaml	reviewed
kb/communities/Prochlorococcus_Alteromonas_Helper_Coculture.yaml	CommunityMech:000131	e61cbc9c58aa1d2fbd87cda0251d7ffb3d22fedb5837387d6b28ed9c56f3d801	3	2	90.0	reports/causal_graph_review/decisions/20261007-four-records-batch87.yaml	reviewed
kb/communities/Propanotrophic_Chlorinated_Ethene_Cometabolism_Enrichment.yaml	CommunityMech:000271	38f4a9e4e2c7293f477bbb3e387470a35fe4257b7ec93678185b67a20fbd8d2a	4	3	90.0	reports/causal_graph_review/decisions/20261007-four-records-batch88.yaml	reviewed
kb/communities/Prymnesium_Parvum_B12_Limited_SynCom.yaml	CommunityMech:000381	2e1d674f45e85230bfdd1d05aeb6f6c6b0f58b44fb478515d13b3aa7535c1225	4	1	80.0	reports/causal_graph_review/decisions/20261007-four-records-batch88.yaml	reviewed
kb/communities/Pseudomonas_Acidovorax_Aniline_Degradation_SynCom.yaml	CommunityMech:000461	a7a32d2a84066629338c1735cea5104beac14a152498c123567349b8cbf7be34	1	0	50.0	reports/causal_graph_review/decisions/20261007-four-records-batch88.yaml	reviewed
kb/communities/Pseudomonas_Aeruginosa_EightStrain_Full_Factorial_SynCom.yaml	CommunityMech:000399	5771a8a97beb8ccb19b6cccad32062d896b09747ce0670788686060481cf68b9	1	0	46.9	reports/causal_graph_review/decisions/20261007-four-records-batch88.yaml	reviewed
kb/communities/Pseudomonas_Bacillus_Waxy_Oil_Biodegradation_Consortium.yaml	CommunityMech:000324	486ebf698059e286653f489e1db2b72ac917c61cfaf31bd9200e0ebb62ac7913	3	2	93.3	reports/causal_graph_review/decisions/20261007-four-records-batch89.yaml	reviewed
kb/communities/Pseudomonas_Klebsiella_Alcaligenes_FeII_Nitrogen_Removal_SynCom.yaml	CommunityMech:000372	0e4ab9a02b384bc08912fba28e9873d6c98d408ebd7aa68187adbc423a7b4c38	1	0	55.0	reports/causal_graph_review/decisions/20261007-four-records-batch89.yaml	reviewed
kb/communities/Pseudomonas_Paracoccus_Bifenthrin_Degradation_Consortium.yaml	CommunityMech:000331	84251088dd9fe5c30bdab428f7edf3bba20a00b5433b232ac867658eb189d9ce	3	2	93.3	reports/causal_graph_review/decisions/20261007-four-records-batch89.yaml	reviewed
kb/communities/Pseudomonas_Pedobacter_Social_Spreading_Coculture.yaml	CommunityMech:000161	0b23d93e9c3dee9108cc63022eee2c241c9df15ea94840600a6d44d4a3f2f0f8	3	2	90.0	reports/causal_graph_review/decisions/20261007-four-records-batch89.yaml	reviewed
kb/communities/Pseudomonas_Rhodococcus_Chloronitrobenzene_Coculture.yaml	CommunityMech:000181	2638bb5668d31d6c8a59d616e36777b22d38f03e1fef80dc58fada489628e41e	3	2	93.3	reports/causal_graph_review/decisions/20261007-four-records-batch90.yaml	reviewed
kb/communities/Pseudomonas_putida_PpTE_Rhodococcus_RDK17_Terephthalic_Acid_Consortium.yaml	CommunityMech:000289	6416089a1d115f7834f71f98182476728a7f936f8b544c6551103c712a2bb825	3	2	100.0	reports/causal_graph_review/decisions/20261007-four-records-batch90.yaml	reviewed
kb/communities/Pseudomonas_stutzeri_Rhodococcus_Naphthalene_Biochar_Engineered_Consortium.yaml	CommunityMech:000291	d987d0d184c409b62a9e96034e7dd8f294742b10bc3adefe4617ddd7208c97f8	3	2	96.7	reports/causal_graph_review/decisions/20261007-four-records-batch90.yaml	reviewed
kb/communities/Pseudonitzschia_Sulfitobacter_Association.yaml	CommunityMech:000056	1a0fd950b4dc5fbb21331be3995a2fffb05ac8d4e3df772f5008cb88a9b9d4e6	3	1	80.0	reports/causal_graph_review/decisions/20261007-four-records-batch90.yaml	reviewed
kb/communities/Puer_FloralFruity_Fungal_SynCom.yaml	CommunityMech:000430	ce86bf2668f811e616cd1feef671d7580920303cc0714a82a6cce5ec7c7bec97	1	0	55.0	reports/causal_graph_review/decisions/20261007-four-records-batch92.yaml	reviewed
kb/communities/QY2S1_Dehalogenimonas_BFR_Bioremediation_Consortium.yaml	CommunityMech:000424	a634e28075ce72c27b0bb6348b68bde7ece13d970a0457281aacb8f48710ae3c	1	0	55.0	reports/causal_graph_review/decisions/20261007-four-records-batch92.yaml	reviewed
kb/communities/Quinoa_SCDY1_Salt_Stress_SynCom.yaml	CommunityMech:000459	dd5e67d01f8c707eb6e7ef178fcdee359a9bb3a57df210d4256dab0efcb266c3	1	0	50.0	reports/causal_graph_review/decisions/20261007-four-records-batch92.yaml	reviewed
kb/communities/RH1_Glyphosate_Streptomyces_Consortium.yaml	CommunityMech:000361	99a33c579b6b21066de411f2511ee57a684ab3f837d3d3dd347f20ef17b0e6ed	2	0	60.0	reports/causal_graph_review/decisions/20261007-four-records-batch92.yaml	reviewed
kb/communities/Rammelsberg_Cobalt_Nickel_Tailings.yaml	CommunityMech:000057	cf9d123e9ca919c62766a20e764dbb2f18bbfc1004911cdf4a0d48055ba47e56	3	1	80.0	reports/causal_graph_review/decisions/20261007-four-records-batch93.yaml	reviewed
kb/communities/Rhizorhabdus_Cupriavidus_BDE47_Degradation_SynCom.yaml	CommunityMech:000388	5b74bd01d770c894a9dd65240bf47b4754d997013fa2681a63abf653a1fb82d0	3	2	93.3	reports/causal_graph_review/decisions/20261007-four-records-batch93.yaml	reviewed
kb/communities/Rhodococcus_Acinetobacter_RAMC_Mixed_Plastic_Upcycling_SynCom.yaml	CommunityMech:000412	583655d32e85bb7a2786ba99f814f00b83dde9a5dca8e3d3b6d0b4f38ab28d46	1	0	65.0	reports/causal_graph_review/decisions/20261007-four-records-batch93.yaml	reviewed
kb/communities/Rhodococcus_Pseudomonas_PPOW_Consortium.yaml	CommunityMech:000371	8e36a499934681939a8905e7044d7951646ef4efe7ed0cf5cfb37d4ce95e9171	1	0	65.0	reports/causal_graph_review/decisions/20261007-four-records-batch93.yaml	reviewed
kb/communities/Rhodopseudomonas_Ecoli_CrossFeeding_Coculture.yaml	CommunityMech:000092	4c797dbaa4c2fe4d6627839b90da2a1b4adb5e0185bec3606120860268913ad3	3	2	100.0	reports/causal_graph_review/decisions/20261007-four-records-batch94.yaml	reviewed
kb/communities/Rhodopseudomonas_Geobacter_Magnetite_Redox_Coculture.yaml	CommunityMech:000268	21ea769fcc97b50c66ad0fd3ba76cca647ae23fde4a34ce2b7d1aea81bc69378	4	5	90.0	reports/causal_graph_review/decisions/20261007-four-records-batch94.yaml	reviewed
kb/communities/Rice_Acid_Soil_Bioinoculant_SynCom.yaml	CommunityMech:000109	c5ad3b426974ce6bb56386d0a624bbf325f9764a86afdd3b1f59989196033113	4	4	100.0	reports/causal_graph_review/decisions/20261007-four-records-batch94.yaml	reviewed
kb/communities/Rice_Duckweed_Bacillus_SynCom.yaml	CommunityMech:000058	6d924ddcd1a9baf67a149de2d91aaeacafdd57113f5df61b97c5ec04e5e09a4e	3	2	90.0	reports/causal_graph_review/decisions/20261007-four-records-batch94.yaml	reviewed
kb/communities/Rice_FSQN_Rhizosphere_Microbiome_SynCom.yaml	CommunityMech:000419	be926207b3e99ec9dae97be3b8f0cac07462d7e3a9adcba2305a1efe481c5470	2	0	60.0	reports/causal_graph_review/decisions/20261007-four-records-batch95.yaml	reviewed
kb/communities/Rice_P_Uptake_Intercropping_SynCom4.yaml	CommunityMech:000110	9a5de564abd6e776d8f8eb5717c5d11d60cdf85a27414c0b58df620fae74dd9e	3	2	90.0	reports/causal_graph_review/decisions/20261007-four-records-batch95.yaml	reviewed
kb/communities/Richmond_Mine_AMD_Biofilm.yaml	CommunityMech:000059	2e4f2eef58a26396f76ccedc7483735ea00ea52447f3af4a7469931326686b97	5	3	89.0	reports/causal_graph_review/decisions/20261007-four-records-batch95.yaml	reviewed
kb/communities/Rifle_Aquifer_Bioanode_EET_Community.yaml	CommunityMech:000241	9ebd0ac8d6b48fef67e67549627557ceb23347f0de930357ed73b185c666def3	2	1	72.5	reports/causal_graph_review/decisions/20261007-four-records-batch95.yaml	reviewed
kb/communities/Rifle_Uranium_Reducing_Community.yaml	CommunityMech:000060	5232c86c135db06616a847e0d21d7ab88bf15028fc91986af38447c9e7ec5307	4	2	88.8	reports/causal_graph_review/decisions/20261007-four-records-batch96.yaml	reviewed
kb/communities/Rumen_Substrate_Adapted_Lignocellulose_Enrichment_Consortia.yaml	CommunityMech:000389	410363912e73521cefc995b7bbc58bd97e0390cf4c3197215346dde0aa2bcf80	3	1	80.0	reports/causal_graph_review/decisions/20261007-four-records-batch96.yaml	reviewed
kb/communities/SF356_Cellulose_Degrader.yaml	CommunityMech:000061	0d056f8e6b611f25f39e521ad50507e2c5ef40a4a68a4a6da983d36dd45b5733	4	3	95.0	reports/causal_graph_review/decisions/20261007-four-records-batch96.yaml	reviewed
kb/communities/SIHUMIx_Human_Intestinal_Model_Community.yaml	CommunityMech:000080	c2acfe799a9cf91799a1238d5ca2c5b23b7020e6182055aa0cefea75799bfef0	3	0	68.3	reports/causal_graph_review/decisions/20261007-four-records-batch96.yaml	reviewed
kb/communities/SMutans_CAlbicans_ECC_Biofilm.yaml	CommunityMech:000083	fb7d747151fb52f52127e035683a77dcb1596d6f1fc97ac1e8635298ce24fd34	3	2	96.7	reports/causal_graph_review/decisions/20261007-four-records-batch97.yaml	reviewed
kb/communities/SMutans_SSputigena_ECC_Pathobiont.yaml	CommunityMech:000084	8c32ed74a997011d25ad1e3501b42f6da246ba28e23d58a85a92ee9fad169846	3	2	93.3	reports/causal_graph_review/decisions/20261007-four-records-batch97.yaml	reviewed
kb/communities/SMutans_VParvula_ASC_Biofilm.yaml	CommunityMech:000085	1c331f8546d510e5a20819f77901353203ba43b317c92f5bdb4ad8ab2364e265	3	2	90.0	reports/causal_graph_review/decisions/20261007-four-records-batch97.yaml	reviewed
kb/communities/SO3_BS3_Lithium_Battery_Bioleaching_Consortium.yaml	CommunityMech:000385	b70b100dcdc43b4caf560b3794f0165db3b7c99410a7ba8d5b811825ebdceef4	2	1	75.0	reports/causal_graph_review/decisions/20261007-four-records-batch97.yaml	reviewed
kb/communities/SPRUCE_Peatland_Methane_Cycling_Community.yaml	CommunityMech:000135	1220cde892d3ac209965e1a36fd0a3abd34cf5fe549fa0fea20d6b7297e77971	3	2	93.3	reports/causal_graph_review/decisions/20261007-four-records-batch98.yaml	reviewed
kb/communities/SPRUCE_Peatland_Warming_Community.yaml	CommunityMech:000319	ffa1825a97b4437efcf9b037aef5464113db4243c49a2c3b9a371274339ea0c5	4	2	86.2	reports/causal_graph_review/decisions/20261007-four-records-batch98.yaml	reviewed
kb/communities/Saanich_Inlet_OMZ_Redox_Gradient_Community.yaml	CommunityMech:000140	2c2b466385e645988ee3833bc3ca4fc428d3feb8a67c9d063e564f32560971d0	3	2	93.3	reports/causal_graph_review/decisions/20261007-four-records-batch98.yaml	reviewed
kb/communities/Saccharomyces_Acinetobacter_Lignocellulose_Detox_Coculture.yaml	CommunityMech:000263	27f8794dbd947ba51b80c9fb76c107fb0acd83ba630902a2e920bf2155f58dd8	3	2	93.3	reports/causal_graph_review/decisions/20261007-four-records-batch98.yaml	reviewed
kb/communities/Saccharomyces_Chlamydomonas_Fungal_Algal_Mutualism.yaml	CommunityMech:000165	fec7e6a58cc17fca35752ff7a4d5c8bbd012cde000682fabef435f0f0e55f80d	2	2	95.0	reports/causal_graph_review/decisions/20261007-four-records-batch99.yaml	reviewed
kb/communities/Saccharomyces_Met14_Trp4_FLO1_Resveratrol_Coculture.yaml	CommunityMech:000445	d7f617d83df5d01dc2dafc8d7944fe482f4c9046d78337fd6c19040c95ec6baa	3	1	83.3	reports/causal_graph_review/decisions/20261007-four-records-batch99.yaml	reviewed
kb/communities/Salar_Atacama_Lithium_Brine_Community.yaml	CommunityMech:000062	4e9934084bc572a4f98d5f209c5b21d853e5e3405d5ba5059be0f05cd18f00dd	1	0	50.0	reports/causal_graph_review/decisions/20261007-four-records-batch99.yaml	reviewed
kb/communities/Sclerotinia_Sclerotia_12Strain_Biocontrol_SynCom.yaml	CommunityMech:000364	b76f915e08d08faf1516698a67c53bb6e25f912bd8d4803dfe55412f1a100a3e	3	1	75.0	reports/causal_graph_review/decisions/20261007-four-records-batch99.yaml	reviewed
kb/communities/Sedimenting_Arabinose_Glucose_Saccharomyces_Coculture.yaml	CommunityMech:000329	2cb61412fd3d352ef2d3d3e95fce0f5057b0d0074ef26ba4c7c76d03a4d9a80e	3	2	93.3	reports/causal_graph_review/decisions/20261007-four-records-batch100.yaml	reviewed
kb/communities/Shewanella_Anammox_Delta_nrfA_Nitrite_Coupled_Consortium.yaml	CommunityMech:000402	f300a08a92756ce174019800b7a50cec74b8d9a6be17a56accd8e2daa8aa6cf3	2	0	65.0	reports/causal_graph_review/decisions/20261007-four-records-batch100.yaml	reviewed
kb/communities/Shewanella_Denitrifying_Richness_SynComs.yaml	CommunityMech:000114	05411e4ca408a2b94816dd54d7fddacd79d31a3b8a979cf896781440f350054a	4	0	73.8	reports/causal_graph_review/decisions/20261007-four-records-batch100.yaml	reviewed
kb/communities/Shewanella_Geobacter_Exoelectrogenic_Biofilm_Community.yaml	CommunityMech:000177	dc6f365d6db2c42544bf4a99266535d87da7c68216deb081fe0d8c8eaa86b68e	3	2	86.7	reports/causal_graph_review/decisions/20261007-four-records-batch100.yaml	reviewed
kb/communities/Shewanella_Pseudomonas_Fe0_Electrosyntrophic_Denitrifying_Consortium.yaml	CommunityMech:000288	1c9db92e6594e7744b051cec01e1f4cc33c3ff0370d73ca6419f56fd4edcc241	3	2	90.0	reports/causal_graph_review/decisions/20261007-four-records-batch101.yaml	reviewed
kb/communities/Shewanella_Streptococcus_Starch_Microbial_Fuel_Cell.yaml	CommunityMech:000203	6917ed2f369a8a3bfb4ecc738a49e6aed50b59928193837164d20e8c87bed462	2	1	80.0	reports/causal_graph_review/decisions/20261007-four-records-batch101.yaml	reviewed
kb/communities/Shewanella_oneidensis_Rhodopseudomonas_palustris_Electrosyntrophic_Coculture.yaml	CommunityMech:000279	0d6ba37b5fc16d662cf8af50886da1c3822f57ef343f5e2587cbda30465d7301	3	2	90.0	reports/causal_graph_review/decisions/20261007-four-records-batch101.yaml	reviewed
kb/communities/Shrimp_Vibrio_Resistance_Gut_Enrichment_SynCom_Panel.yaml	CommunityMech:000436	f23b26c7b39205a716e77e5149c06e2c4e4c618dec523a3e5245c65370ec7c0e	1	0	50.0	reports/causal_graph_review/decisions/20261007-four-records-batch101.yaml	reviewed
kb/communities/Sichuan_Shai_Vinegar_Yeast_Flavor_SynCom.yaml	CommunityMech:000417	52b205237f82068e4dac40d5f10124e930fd6c2db216ffe8b34feb24394a4e47	5	1	80.0	reports/causal_graph_review/decisions/20261007-four-records-batch102.yaml	reviewed
kb/communities/SkinCom_Synthetic_Skin_Community.yaml	CommunityMech:000125	60b3d5bafb90b01b3411a068b46b94483e53eb49b23a2dce359e703b2c694fc0	3	0	75.0	reports/causal_graph_review/decisions/20261007-four-records-batch102.yaml	reviewed
kb/communities/Soil_BGC_Phylum_Depth_Vegetation_Community.yaml	CommunityMech:000250	2eba4fb7f792987ac97acf6c2366832613484dd9dd39c5cdc26b96876fc523b5	3	0	60.0	reports/causal_graph_review/decisions/20261007-four-records-batch102.yaml	reviewed
kb/communities/Soil_CPR_Nanoarchaea_Rare_Biosphere_Community.yaml	CommunityMech:000247	d04e83508673410be7be8ecc72c3bd822ecbfd8ec45bd1608bbaf5f23d926a1d	3	0	60.0	reports/causal_graph_review/decisions/20261007-four-records-batch102.yaml	reviewed
kb/communities/Soil_Corrinoid_B12_Reservoir_Community.yaml	CommunityMech:000221	96f97cb9bbf66be0d6795389f211db40640b04d000440ee35be308fda8384058	3	2	90.0	reports/causal_graph_review/decisions/20261008-four-records-batch103.yaml	reviewed
kb/communities/Sorghum_SRC1_Subset.yaml	CommunityMech:000063	8815e8c2a4f9a2a8a563b9e3e1a1c52f20174807ccf833ab7f0d7808887efdba	0	0	0.0	reports/causal_graph_review/decisions/20261008-four-records-batch103.yaml	needs_research
kb/communities/Sorghum_SRC2v4_Root_Colonization_SynCom.yaml	CommunityMech:000348	e67c57dbf77a55bc484285c5d4fe879e83c556034452104ab61e2d188e29c91c	3	0	63.3	reports/causal_graph_review/decisions/20261008-four-records-batch103.yaml	reviewed
kb/communities/South_Bay_Salt_Pond_Methane_Restoration_Community.yaml	CommunityMech:000246	55fa4ec84f7651ce53a9fb23c0ca6af99c5e7b1b34b8741045aee070adef6c43	4	0	65.0	reports/causal_graph_review/decisions/20261008-four-records-batch103.yaml	reviewed
kb/communities/Soy_Sauce_Temporal_SevenSpecies_SynCom.yaml	CommunityMech:000378	2b7c6f65fe36cee0eff072c4fa1a41fc9f3226a2fcad6a8a919ba776ebcde374	2	1	80.0		pending
kb/communities/Soybean_Chlorophyll_Selected_Biofertilizer_SynCom.yaml	CommunityMech:000129	cb9084adb2f08a0b27ec09923718fd42dc169c6c0e143e524a01e4288b96ed84	4	3	100.0		pending
kb/communities/Soybean_N_Fixation_sfSynCom.yaml	CommunityMech:000064	ca18519b58ee22d1d7400b88e4c01be57987fbacbd197ea0fda1d369249f621b	3	2	100.0		pending
kb/communities/Soymilk_Mixed_Starter_Metabolic_Division_SynCom.yaml	CommunityMech:000448	2d5c9da42750ccdbad85ea50b4d3856338bf6b1e42bdbc69e8c163ad5e5df937	2	0	62.5		pending
kb/communities/Space_Habitat_SevenMember_Stress_Tolerance_SynCom.yaml	CommunityMech:000339	dbb830353fcd0357f47df423b2258e9e06f87d1909cb84186a2cfa0d4e67d1ad	1	0	55.7		pending
kb/communities/Sphingobium_Nitrososphaera_Phenanthrene_Carbon_SynCom.yaml	CommunityMech:000362	18132fca169325f8c760a8c996a2d7fc882e516144f3a2a977c524b185899367	2	0	60.0		pending
kb/communities/Sphingobium_Rhodococcus_Lignin_Dimer_Valorization_Coculture.yaml	CommunityMech:000267	b9b3f065b918d17001a23b96660440448540e3a22aed4a4d9dd56f59a64645d0	3	2	100.0		pending
kb/communities/Staged_Cattle_Manure_Ensifer_Bacillus_SynCom.yaml	CommunityMech:000418	6f3c1c71a30aa0e286010702e7d23d1e764409b76117cac7aa41ea89fd01de09	3	0	61.7		pending
kb/communities/Staphylococcus_Candida_Context_Dependent_Biofilm_Coculture.yaml	CommunityMech:000326	9aa79042fb33eac69fefdf66b0bd3a02057bd8cdb0e861e449ac2204dfb93a6e	6	2	100.0		pending
kb/communities/Stordalen_Mire_Methylotrophic_Methanogenesis_Community.yaml	CommunityMech:000254	c61a85e2234af044ee022537059e465eb1571d50a78a5430cc9fc532aef48285	4	4	100.0		pending
kb/communities/Streptomyces_A2_A5_A11_M7_Pesticide_Consortium.yaml	CommunityMech:000335	29276efda4a5ebd299c0284da81aab5388909fed51cb0c32c276c79c00b2dc4a	4	2	100.0		pending
kb/communities/Subsurface_Carboxydocella_CO_Aquifer_Community.yaml	CommunityMech:000251	3178b917450aea35808474c98945cf604ddb2a0835e48fb8a1c8c72c0fb3b47a	5	2	100.0		pending
kb/communities/Suillus_Bacillus_Thiamine_Ectomycorrhizal_SynCom.yaml	CommunityMech:000312	aa951b219710a3b699cd561d2fed9a7d10a2dfd49e90745957d0ce68093fcd30	4	3	100.0		pending
kb/communities/Sulfide_Spring_Autotrophic_CPR_Biofilm.yaml	CommunityMech:000222	bdde368007b748fab8102646934b696e16102c0adffbd28df7fef6aa382c32a0	3	2	100.0		pending
kb/communities/SynComBac10_Chicken_Intestinal_SynCom.yaml	CommunityMech:000127	660c1b3de9165421c53f76fdee1ef9609e6101d50ab1850fbc68c52ea474b563	3	2	100.0		pending
kb/communities/SynCom_ARC_Peanut_Aflatoxin_Nodulation.yaml	CommunityMech:000314	525ba5f6ae9b8d78451ffcb4dbb58a652c5c82897b96e88727eceb528b3391ac	3	2	100.0		pending
kb/communities/SynCom_BsBv_Cigar_Tobacco_Leaf_Fermentation.yaml	CommunityMech:000278	ffe0f5e7381d820061ccfe30ec1b71277c3e88866519bcc52389537d4bc85123	3	2	100.0		pending
kb/communities/SynCom_Chlorella_sorokiniana_Biogas_Slurry_Coupling_System.yaml	CommunityMech:000285	6bc229bfcabb16639d9a7ffd085739421b0f38be95cc85cd66aaf80ecc70b9c5	5	3	100.0		pending
kb/communities/SynCom_MetG2_Rhizobacteria_Sugarcane_Stress_Resilience.yaml	CommunityMech:000302	83b3d7091d48bc228128b3266d84d6f9fe3d4d596befb02d76136cbab8d2e24b	3	2	100.0		pending
kb/communities/SynCom_Pseudomonas_Rahnella_Artemisia_Phytoremediation.yaml	CommunityMech:000292	5c99fb8e16eca52dfdb474c9885a8003fd92fe828ff7c4df04b3925dd2f57da9	3	0	75.0		pending
kb/communities/SynCom_Sesame_Flavor_Baijiu_Fuqu_13Genus.yaml	CommunityMech:000283	7632231bd07c18ef98b01774b24727e9614735db23897194855dae5a791b8b3b	3	2	100.0		pending
kb/communities/SynCom_Y_Agrobacterium_Bacillus_Biofilm_Biocontrol_Coculture.yaml	CommunityMech:000272	caf56231ec4c91150f7679b19fe3de49c892091f7cfa5514b7fe3173945ec418	4	2	100.0		pending
kb/communities/Synechococcus_Azotobacter_Photoproduction_Mutualism.yaml	CommunityMech:000207	66201890ed3f32317d605338443cdc09ded895b09c58b435184f9e24f8e3f784	3	2	100.0		pending
kb/communities/Synechococcus_Bacillus_SPC.yaml	CommunityMech:000065	1152d4e81a2fa94dbff165e41d5be8d982c7384816671ded67a66083b3794ff7	3	2	100.0		pending
kb/communities/Synechococcus_Ecoli_SPC.yaml	CommunityMech:000066	5f7859ba7ca36adb228aa2f48fa1f0d69501df96f2d06c302b38c132ed5efda4	3	2	100.0		pending
kb/communities/Synechococcus_Halomonas_Light_Driven_PHB_Coculture.yaml	CommunityMech:000198	5990528941355c726bbeca0d65db9327c4455a131cd32d14c5e39a9f50dce4b1	3	2	100.0		pending
kb/communities/Synechococcus_Pseudomonas_PhotoPHA_DNT_Coculture.yaml	CommunityMech:000167	f923cbc0711714b969a4d0c5769186050048b7af3521a1dc2c7bc6d39e040bdb	4	2	100.0		pending
kb/communities/Synechococcus_Saccharomyces_SPC.yaml	CommunityMech:000067	c3232bec75e071dab221f453dd282e3e1122c11b6b892b7bcf7181170f20c6fe	3	2	100.0		pending
kb/communities/Synechococcus_Shewanella_Dlactate_Biophotovoltaic_Consortium.yaml	CommunityMech:000211	bde403de6edb430affdf758c26fca337040374a2b9ae74aa7623acfb55b22c59	3	2	100.0		pending
kb/communities/Synechocystis_Pseudomonas_Acetate_Butanol_Coculture.yaml	CommunityMech:000363	0d0dd8d3ab938241d8e9f44d4aa1a9847058883cb5167c79aba7c5c5148392fa	2	1	85.0		pending
kb/communities/Synthetic_Lichen_Synechococcus_Rhodotorula_Coculture.yaml	CommunityMech:000149	7824f8a6761528794f6d43efede940228e490a140dc57174a7c8ded5e6d7a208	3	2	100.0		pending
kb/communities/Synthetic_Periphyton_Freshwater_Biofilm.yaml	CommunityMech:000130	a5d9d47e0a01cc492d9ad09971b02ece6c4292925e09d1919d00e29b8699492e	6	0	75.0		pending
kb/communities/Syntrophobacter_Methanobacterium_Syntrophy.yaml	CommunityMech:000068	3df7349bdb43ddf039c4b800ef95b42d13219895335525c4e74d8efca7edee4c	3	3	100.0		pending
kb/communities/Syntrophobacter_Methanospirillum_Syntrophy.yaml	CommunityMech:000069	5662e6e60817338c51780fe418ed1b9b2e429c2d162223d613acb3cbad159ce4	3	3	100.0		pending
kb/communities/Syntrophomonas_Methanococcus_Butyrate_Growth_Coordination_Coculture.yaml	CommunityMech:000189	c3fb5e96ebf42ad0b8613a72c59bde357474e5303f0d9f0da4d240dd4df1b7f0	3	2	100.0		pending
kb/communities/Syntrophomonas_Methanospirillum_Syntrophy.yaml	CommunityMech:000070	b79266189242f379e112d92cbc9e64545ab445367ef38935f5a23f9a12347f3f	3	3	100.0		pending
kb/communities/Syntrophus_Benzoate_Degrader.yaml	CommunityMech:000071	87238e00764869ec141b9af0a4304ad6ca958a637116b9de5c328ffccdef7419	3	2	100.0		pending
kb/communities/Syntrophus_Methanospirillum_Gentianae_Benzoate_Coculture.yaml	CommunityMech:000187	7831b25c3302b70bb626b327f9f488390e67cd468f6e62c0ec7796e5fef8eaff	3	2	100.0		pending
kb/communities/TCP_NonDehalogenimonas_Groundwater_Consortium.yaml	CommunityMech:000437	0d96313dbd7866dd7d642e83eab9956ff03a6c7f6a867de6ffb91ce1a3796382	2	0	60.0		pending
kb/communities/THOR_Rhizosphere_Model_Community.yaml	CommunityMech:000079	ec95272c2b0ded1ac096cd9e9a53509ae052e7316d4c88b9ef51ceefb58b9f71	4	2	100.0		pending
kb/communities/TYQ1_Nematode_Biocontrol_SynCom.yaml	CommunityMech:000072	01cbb6970852dad836fce77b480e680a086b088a5ad488aeedfd4788e96f64dc	4	4	100.0		pending
kb/communities/Teosinte_Maize_Biofertilizer_SynCom7.yaml	CommunityMech:000100	1c99ca183a340680a90fcfa14327288bb8dac56f57733c219bc19902dbb5abac	6	2	100.0		pending
kb/communities/Thalassiosira_Marinobacter_Marine_Snow_Coculture.yaml	CommunityMech:000259	b86ee85b9c0415276d87f5606da4f9fef01e56b87e8d3fc17a7980c09dd5215b	4	2	100.0		pending
kb/communities/Thalassiosira_Ruegeria_Phycosphere_Coculture.yaml	CommunityMech:000162	e494809cc294a96f346c77422073e5e5b3c1826fcf693c7251b23d22c837813f	3	2	100.0		pending
kb/communities/Thermacetogenium_Methanothermobacter_Acetate_Oxidation_Coculture.yaml	CommunityMech:000182	e06917ad89ca7d9c8b51c924bd8cf0ef18aed4feb86d4795f3b000bad0398639	3	2	100.0		pending
kb/communities/Thermoleptolyngbya_Chelatococcus_Arsenic_Detoxification_Coculture.yaml	CommunityMech:000454	ab97378f5f2ca6160bdceebee4eb24276dbc2ffddc1b49051355ba4609dfae35	2	0	70.0		pending
kb/communities/Thermophilic_ExSitu_Biomethanation_Mixed_Culture.yaml	CommunityMech:000416	07c4856308831b4b7bdf1fc50d2442584f1a4c2e5c8431a334e81557eec66727	2	0	70.0		pending
kb/communities/Thermophilic_Lignocellulose_Composting_SynCom_Biosanitization.yaml	CommunityMech:000282	ec822e47b495189805f5dc2fc9c555e7f987de9d9e3a4986dd7f89920b4def28	3	2	100.0		pending
kb/communities/Thermophilic_Pyrite_QS_Consortium.yaml	CommunityMech:000073	249f408c2d6a0d7c7fae5958952d0ceb6b0d5941b4e54a9ce527e5a1caf609a7	6	2	100.0		pending
kb/communities/Thermotoga_Methanocaldococcus_Hyperthermophilic_Syntrophy.yaml	CommunityMech:000186	d095e9932a413f4245883e31e174605d1a246e821a10945d4009c99517e99b89	3	2	100.0		pending
kb/communities/Thiocyanate_Afipia_Thiobacillus_Bioreactor_Community.yaml	CommunityMech:000239	309f75cc1846fbba278180170375585824019f86a2f8cae2b00768b3f9257e84	3	2	100.0		pending
kb/communities/Tinto_River_Iron_Cycling_Community.yaml	CommunityMech:000074	84f2c22b3f585fe76a992fe664dfad82668a753d637d5c1af53d93031171409d	5	3	100.0		pending
kb/communities/Tobacco_Chemotactic_Biocontrol_SynCom.yaml	CommunityMech:000106	b4d7702d9c87b2b55cb2b3c74598aed2bfded7afd454faed5628c817b2fdfa35	3	2	100.0		pending
kb/communities/Tomato_Oxylipin_SynCom3.yaml	CommunityMech:000107	9c5917f46de396ed1c278b2cb65ff5d6d5a78be8aa470ce09e20a9e8550ccafe	3	2	100.0		pending
kb/communities/Tribromophenol_Anaerobic_Bioremediation_SynCom.yaml	CommunityMech:000112	a132b431ff499ce3fdb596250ef8adb152123ec8c5217bfdabd7ea0cc55b0de1	4	3	100.0		pending
kb/communities/Trichococcus_Syntrophomonas_Methanospirillum_Butyrate_Coculture.yaml	CommunityMech:000188	6588808db1c3e6319ff3742ebd653264e482f7ccf4c3aaff5ab61c2d7c969874	3	2	100.0		pending
kb/communities/Trichoderma_Ecoli_Cellulosic_Isobutanol_Coculture.yaml	CommunityMech:000205	4ea126e913b09702e406501449cb83080bdfd4af1623651299737147b08b2e9a	3	2	100.0		pending
kb/communities/Trichoderma_Lactate_Platform.yaml	CommunityMech:000075	e12191dd7b1c95d88b85136f635d1c33bcd7af642f105574fed48883dd2b1585	3	2	100.0		pending
kb/communities/Trichoderma_Streptomyces_Filamentous_Cellulose_Coculture.yaml	CommunityMech:000270	d1652308f8e0e4f2fcebf880a03b8d0e311063a176bcaed2094983b038f59cea	3	2	100.0		pending
kb/communities/Trichodesmium_Alteromonas_Marine_Consortium.yaml	CommunityMech:000147	e7f148febf34a85e71939396d324dee6ebe45a5b0c4e404d185847d36dbaa81f	3	2	100.0		pending
kb/communities/Tropidoatractus_Magnetotacticus_Tripartite_Syntrophy.yaml	CommunityMech:000337	d85b790e5a06d3ac843b09fd66fa53917986a736d4f153bd37793f238d9e0aa6	4	2	100.0		pending
kb/communities/Urine_Nitrification_SynCom.yaml	CommunityMech:000117	4bbd0c7a64269175c74f01c84e8d04eecb2907e16b890b7a33246733769fe9df	3	2	100.0		pending
kb/communities/Variovorax_Cryptococcus_Vitamin_Mutualism_Microcosm.yaml	CommunityMech:000213	bb21defe22c0f2ff7c483d725b1a4584223f1b0e164b09a0eccb3ab79ba445f0	3	2	100.0		pending
kb/communities/Viili_Fungus_Bacterium_EPS_SynCom.yaml	CommunityMech:000408	492b05ae487137b8fc4d8dda20f2722fd637857a0236a29b43a79f505b9cb62e	3	2	96.7		pending
kb/communities/Waste_Sludge_Electrofermentation_Biofilm_Suspension_Community.yaml	CommunityMech:000328	6b4be381bfb2f468d20d030319f47e1a25a61e81e8cb09a25d482de3cbdd669d	4	2	100.0		pending
kb/communities/Watermelon_Rhizosphere_Fusarium_SynCom8.yaml	CommunityMech:000098	856114bb31684927cb8e8f615e21f6b138aecd1555bdc127819e500060986f20	3	2	100.0		pending
kb/communities/Wetland_Oxygen_Sulfate_GHG_Microcosm_Community.yaml	CommunityMech:000255	09e38c8531e35cefc0fb86d7b04b90e85f2f6621c285032c8efaf8c956570403	3	2	100.0		pending
kb/communities/Wheat_Consortium_C1.yaml	CommunityMech:000076	85d31a840c65d17f94c0682554165bfb33ac23168ca21cbcc45e8eb986e22dbe	3	0	75.0		pending
kb/communities/Wheat_Consortium_C6.yaml	CommunityMech:000077	8a0747e8c630c65a8f0f56009905770543266386bb0c8f08e9a32e1426dcbfaa	6	0	75.0		pending
kb/communities/Wheat_CrownRot_SixStrain_CrossKingdom_SMC.yaml	CommunityMech:000414	2836c0fbd27593a8f35cbd3a676164300df8ae316681cd7c813f5708008977d6	2	0	70.0		pending
kb/communities/Wheat_CrownRot_TB_CrossKingdom_SynCom.yaml	CommunityMech:000391	9683a30be6276fa5ee8b726a80349b69e211633394d73127a6cde7c9b7131a37	2	0	70.0		pending
kb/communities/Wheat_DT_Rhizosphere_SynCom.yaml	CommunityMech:000429	b68dea3c5b4af59f9ebf86a64ac55ab18c7a3ab42dbb60cd110ddf63b9238172	2	0	55.0		pending
kb/communities/Wheat_Straw_Biogas_Pretreatment_SynCom.yaml	CommunityMech:000118	f2bb440b5a0d802fb677fb80f49caf5dc915f7fb34a7cad164bd5d91db2ccccb	3	2	100.0		pending
kb/communities/Wheat_SynCom_SASW01_Drought_Inoculant.yaml	CommunityMech:000409	1ac7ad0c4f4dc417e86c4a4b969caf0fe84d18f1666e6d1fb7701e191f0fbc1a	2	0	65.0		pending
kb/communities/Wine_Yeast_FiveSpecies_Strain_Substitution_Consortium.yaml	CommunityMech:000465	29c5ffbc44052dbaf61fdeffa2ba7c0495f4c37cd1f9a246834d1bee9ed07e16	3	0	68.3		pending
kb/communities/Wine_Yeast_ThreeSpecies_Contact_Consortium.yaml	CommunityMech:000438	ff36b0a04edec258678a5f4d0ba1e640469d034fdc190621f02a7a311b9ecfcc	3	0	63.3		pending
kb/communities/Wolffia_Mankai_Endosphere_Cobamide_Guild.yaml	CommunityMech:000360	9f793b34cca134cc17f6d4919f37e56336b155b1a9423f22973f4cd701cd4be9	2	0	67.5		pending
kb/communities/Wollastonite_Ramichloridium_Talaromyces_Fungal_Consortium.yaml	CommunityMech:000404	13963fab699a08f782adfabbadeff9a09c1b891ac8c0714a99cc0f07079a883e	3	2	98.3		pending
kb/communities/Yarrowia_lipolytica_Division_of_Labor_Lipid_Consortium.yaml	CommunityMech:000354	3f48f2b903eec6f6ac2e93c952821980eb066df571ec4e1a5519ac7c47293e7c	3	2	100.0		pending
kb/communities/Yogurt_TwoSpecies_Starter_Culture.yaml	CommunityMech:000164	49f5a5749a60d2f6b314cd487f84c5c6c609d23657faf7342daad53833dc9ec2	4	2	100.0		pending
kb/communities/Zymomonas_Ecoli_Exometabolomics_Obligate_Mutualism.yaml	CommunityMech:000210	5640166eed0e15b269178e292e4e63066adb88cd20d82e65b3dd05938ae49be3	3	2	100.0		pending
kb/communities/hCom2_Complex_Gut_Microbiome.yaml	CommunityMech:000123	e707fdc5f03ae9a01cb7a71c7892d093e3211dbb99159cbbd9c57d25f921c036	3	2	100.0		pending
kb/communities/mCAFEs_Brachypodium_RCC.yaml	CommunityMech:000078	6ebcd44301ad777dedee863d8542f6efea0ebba9dbe290e2df4a2da7fc368f8d	6	2	100.0		pending
